	num_fel_arrests_last_year	current_charge_felony
1399	1	0
198	0	0
6281	0	0
3148	0	1
2732	0	0
6001	0	0
1363	0	0
1679	0	0
6051	0	1
3804	0	1
1401	0	0
5426	0	0
5531	0	0
154	0	0
2503	1	0
1946	0	0
2886	0	1
4950	0	1
3489	0	0
1653	0	0
3598	0	0
4163	0	0
3763	0	1
4430	1	1
1158	1	1
2695	2	1
4419	0	0
827	0	0
1353	0	0
3396	0	0
2060	0	0
1157	0	0
5914	0	0
801	0	1
109	1	1
2050	0	1
5444	0	0
1761	0	0
4331	0	0
6412	0	0
2518	0	0
1945	0	0
1731	0	1
3438	0	0
6145	1	1
2891	0	0
2579	0	0
4149	0	1
89	0	0
5329	0	0
4711	2	1
5550	0	0
5756	1	0
2261	0	0
3389	6	0
4429	1	0
2516	0	0
1830	0	0
2600	0	0
5813	0	0
1855	0	1
880	0	0
664	3	1
2094	0	0
4574	0	0
1263	0	0
4686	0	0
1186	0	0
247	0	0
3052	0	0
4960	1	0
824	2	0
2272	0	0
6395	1	0
2422	2	1
3859	0	0
2804	0	1
1276	0	0
4500	0	0
5711	0	0
2609	0	1
4104	1	0
2655	0	1
4477	0	0
4228	0	0
3941	0	0
2934	0	0
379	0	0
4444	1	1
5545	0	0
16	0	0
3951	1	0
3464	0	0
1610	0	0
3340	1	0
19	0	0
4593	0	0
3219	0	1
2405	1	0
6264	0	0
1951	0	0
4360	3	0
2284	3	0
5561	2	0
3344	0	1
3776	0	0
5328	0	0
5397	0	0
5146	3	1
2037	0	1
2086	0	1
3817	0	0
3295	0	0
1544	0	0
3247	0	0
2665	0	0
384	1	1
4590	0	1
4789	0	1
553	0	0
3625	8	0
847	0	0
5392	0	0
6472	0	0
1116	0	0
201	0	0
4096	0	0
170	0	1
6404	0	0
798	0	0
5459	0	0
3196	0	0
1308	0	0
4171	0	0
1931	0	1
205	0	0
2763	0	0
736	0	0
2328	0	1
4699	0	1
6090	1	0
2109	0	0
1664	0	0
5940	0	0
3659	2	0
20	0	0
5016	0	0
2645	0	0
871	0	0
5422	0	0
3599	4	0
4278	0	0
5825	0	0
6437	0	0
2436	0	1
4847	0	0
5716	0	0
2749	2	0
2357	0	0
5331	0	0
6144	0	1
550	0	0
3650	0	0
6086	0	0
1	0	0
1778	1	1
4837	0	0
3287	0	0
1600	0	0
3690	0	0
3362	0	0
1669	0	0
2796	0	0
5615	2	1
1119	0	0
2171	0	0
6372	1	0
840	0	0
4872	0	0
3634	0	0
4417	0	0
5061	0	0
2569	2	0
4327	3	0
3156	2	0
2685	1	1
3064	1	0
3833	0	0
325	0	0
4214	0	0
6242	0	0
5409	0	1
3794	0	0
5177	0	0
3602	0	0
881	1	0
4614	0	0
2942	2	1
2141	0	0
6016	0	0
2509	0	1
1290	0	1
2563	0	0
2079	0	0
913	1	0
3868	0	0
4490	0	0
2116	0	0
26	0	0
4227	1	1
2658	0	0
4857	0	0
4143	0	0
4892	0	0
2648	0	0
1636	0	0
4911	0	0
4052	0	1
1518	2	1
1374	3	0
6248	0	0
4713	0	0
895	0	1
2363	0	0
4903	0	0
3229	1	1
5193	0	0
6460	1	0
1404	0	1
4923	0	0
2474	3	0
5151	0	0
3855	0	0
5997	1	0
4002	1	1
5653	0	0
6231	1	0
4517	0	0
1330	0	1
4687	1	0
3802	0	0
3936	0	0
3750	0	0
12	0	0
3299	0	0
3751	0	0
2084	0	0
6134	0	0
683	0	0
5120	0	0
3224	0	0
1128	1	0
2393	0	0
5625	0	0
2904	0	0
724	0	0
3133	1	1
5345	0	0
2817	2	1
1972	0	0
6196	0	0
505	1	0
6474	0	0
4401	0	0
5972	1	1
3374	0	0
2755	0	0
4967	1	0
2798	0	1
5364	0	0
6125	0	0
4410	1	1
1347	0	0
4284	0	1
2292	0	0
6236	1	1
4679	0	1
5729	0	0
4882	0	0
3289	0	0
1436	0	0
3309	0	0
4202	2	1
2870	0	0
3764	0	0
2970	0	0
4071	0	0
4668	1	0
3533	1	1
4547	0	0
3226	0	0
1819	1	1
5431	0	0
1033	0	0
725	0	0
122	0	0
294	0	0
4030	0	0
4428	1	1
1886	0	0
4113	0	0
1254	0	0
1148	0	0
1708	0	0
4176	0	0
2811	0	0
3255	0	0
5594	0	0
1579	0	0
887	0	0
6334	0	0
5408	0	1
250	0	0
3675	0	0
2497	0	0
3202	0	1
3917	4	0
6406	0	0
2204	0	0
2259	0	0
3686	1	0
1478	0	1
2300	0	0
103	0	0
3318	0	0
2740	0	0
6037	0	0
2281	0	0
3353	0	1
4926	0	0
2031	0	0
5454	0	0
4811	0	0
973	0	0
802	0	0
6292	0	0
1695	0	0
2083	0	0
1694	0	0
5270	3	0
5042	0	0
2529	0	0
6257	0	0
5054	0	1
923	0	1
5662	0	0
1384	1	1
6327	0	0
6439	0	0
85	1	1
5784	1	1
5214	1	0
2286	2	0
1561	0	0
1169	0	0
4158	2	1
5355	0	1
1940	0	0
4908	2	1
491	0	0
890	0	0
5979	1	0
2269	0	0
2434	0	0
6163	0	0
6370	0	0
969	0	1
2840	0	0
5218	0	0
1616	1	0
2097	0	0
5032	0	0
3843	0	0
666	0	1
1334	0	0
1361	0	0
87	0	0
265	2	0
4807	0	1
1796	1	1
1543	1	0
2175	0	0
3000	0	0
3814	0	0
3731	1	0
5174	1	0
2951	1	0
859	0	0
5216	1	0
697	0	0
315	0	1
2541	1	0
3256	1	0
5155	1	0
715	0	0
3569	0	1
5553	0	0
1814	0	0
1658	0	0
2382	0	0
3480	0	0
4682	0	0
419	0	0
2257	1	0
2250	0	0
4144	0	0
5238	0	0
1373	2	0
2991	0	0
5237	0	0
1790	0	0
6454	0	0
3345	0	0
545	0	0
3713	0	0
5467	1	1
1811	0	0
6317	0	0
3106	0	0
593	0	0
864	0	0
2388	0	0
3949	0	0
4142	4	0
1984	0	1
2634	0	1
2771	0	0
919	1	0
5090	0	0
6161	1	0
1810	0	1
4114	1	0
830	0	0
6004	0	0
1102	0	0
1311	2	1
2266	0	0
1962	0	0
2833	0	0
3446	0	0
735	1	1
5692	0	0
3108	0	0
5463	0	0
5387	0	0
663	2	0
1588	0	0
454	0	1
4280	0	1
5319	0	0
5096	0	0
4946	0	0
1743	0	1
2879	0	0
3867	0	0
3865	0	0
5139	0	0
4203	0	0
6071	0	0
2069	1	1
5700	1	0
2736	0	0
4516	0	0
4034	0	0
3471	0	0
628	1	0
5386	0	0
1133	0	0
3819	0	0
221	0	0
3062	0	0
1092	0	0
5472	0	0
446	0	0
812	0	0
4370	0	0
3187	1	0
746	0	0
1827	0	0
910	0	0
3965	0	0
3283	1	0
1210	0	0
75	0	1
4861	1	1
4271	0	0
6335	0	0
5698	0	0
5420	0	0
4495	0	0
1499	0	0
5882	0	1
6320	1	0
961	0	0
4549	0	0
3748	0	0
3914	0	0
4772	0	0
2217	1	1
1309	0	0
3469	0	0
5266	0	1
1587	3	1
3273	3	0
4765	1	1
3018	0	0
548	0	0
635	0	0
4817	0	0
587	0	0
4043	0	0
2727	0	0
5606	0	0
3983	0	0
4483	0	1
4568	1	0
4651	0	0
1609	3	1
2356	1	1
3769	3	0
1634	2	0
5599	0	0
275	2	1
5276	0	0
756	0	0
5688	0	0
1357	0	0
522	0	0
2587	0	0
4905	0	0
4123	0	0
3029	0	0
2152	0	0
1989	0	0
1529	1	1
1723	0	0
6198	0	0
5471	1	1
899	0	1
6401	0	0
625	2	0
4249	2	1
4277	0	0
4442	0	0
5920	0	1
6342	0	0
3352	1	0
734	1	1
1030	0	0
4210	1	1
3626	0	0
2837	0	0
6052	0	0
5970	0	0
4452	0	0
3067	0	0
528	0	0
2520	0	0
1332	0	0
3857	1	0
6218	0	0
37	0	0
3013	0	0
6146	2	0
1717	0	0
5576	1	0
3579	0	0
2092	0	0
5639	0	0
337	2	0
2215	0	0
1990	0	1
3899	0	0
390	1	1
2603	0	1
5005	0	1
3820	3	0
5279	0	0
2370	0	1
2884	1	1
3329	2	1
4131	0	0
886	0	0
836	0	0
1376	0	0
3645	1	0
3392	0	0
6300	0	1
2437	0	0
1926	0	0
4530	0	1
4645	0	0
2979	1	0
3800	0	0
2361	0	1
3837	0	0
6153	1	1
3521	0	1
580	0	1
980	0	0
4534	0	0
4381	0	0
3195	0	0
5904	0	1
3863	0	0
3682	0	0
2829	1	0
1456	0	0
3760	0	0
2296	1	0
5536	0	0
3884	0	0
140	0	0
3499	0	0
529	2	0
5010	1	0
5202	0	0
2085	0	0
945	0	0
1709	2	0
3975	0	0
1534	0	0
784	0	0
1380	1	1
6073	0	0
527	0	0
271	0	1
2519	0	0
5815	0	0
5060	0	1
1321	0	0
6368	0	0
6040	0	0
5317	0	0
3736	0	0
1785	0	0
2189	0	0
6123	0	0
1056	0	0
3812	0	0
3777	2	0
1190	0	0
1142	1	1
708	2	0
1993	0	0
790	0	1
3034	0	1
291	0	0
2365	0	1
3101	0	0
2623	0	0
1362	0	0
1405	0	1
937	0	1
2064	0	0
4213	1	1
4798	3	1
5590	0	1
1834	0	1
1382	1	0
6453	1	0
4956	0	0
5862	0	0
5560	0	0
2946	0	1
884	1	1
2247	0	1
610	0	0
4658	0	0
5256	0	0
4782	0	0
5950	1	0
6443	0	0
4140	1	0
5658	0	0
2662	0	0
4862	0	0
778	0	0
3671	9	0
2342	0	0
1662	0	0
4612	4	1
4499	0	0
6516	0	0
5415	0	0
5977	2	0
2561	1	0
185	0	0
4985	0	0
6019	0	1
5438	0	0
2714	2	0
1902	0	0
4748	0	0
3124	1	0
5857	0	0
11	0	0
3248	0	0
3272	3	0
3113	0	0
4330	0	0
8	0	0
5074	0	0
6053	0	0
4005	0	0
4181	0	1
3739	0	1
3553	0	0
4462	4	0
5004	0	0
1684	0	0
1087	0	0
4815	2	0
5301	0	0
93	0	1
1823	0	0
4377	0	0
1733	0	1
2346	0	0
639	0	1
3519	0	1
157	0	1
142	0	0
4124	0	0
3555	0	0
3705	0	0
1301	0	0
686	0	0
5735	0	0
2577	0	0
4292	0	1
2821	0	0
5068	0	0
740	0	0
1735	2	1
3624	1	0
4259	0	0
2926	2	1
6024	0	0
4893	2	1
688	0	0
1685	0	0
6468	0	0
2861	2	0
3356	0	0
5309	0	0
2200	0	0
5156	0	0
251	0	0
6010	1	0
4269	0	0
5783	0	0
5722	0	0
3772	0	0
3019	2	1
1541	1	1
1070	0	1
6132	0	0
4746	0	0
4681	1	0
849	1	0
1066	0	0
4054	0	0
6430	1	0
5346	0	0
494	0	0
433	0	0
5428	2	0
4935	0	0
5703	1	1
3321	0	0
1545	0	0
3485	1	0
5312	0	0
1235	0	0
6385	0	1
4735	1	0
3595	0	0
2830	1	1
6280	0	0
445	0	0
5883	0	0
503	0	0
5959	1	0
4934	0	0
3173	0	0
4064	2	0
6206	0	0
2487	0	0
6267	0	0
1589	0	0
2337	0	0
841	0	0
2775	0	0
5850	0	0
4764	0	0
3475	0	0
4217	0	0
3174	0	0
5974	0	1
4139	0	0
1323	0	0
2374	0	0
875	0	0
415	0	1
3687	2	0
3290	0	0
32	0	0
2537	0	0
2327	0	1
2843	0	0
6476	0	0
2011	0	0
4476	0	0
1143	0	0
4179	0	0
3303	0	0
5180	0	0
4448	0	0
4890	0	0
1167	1	0
4056	0	0
5196	0	1
2193	1	1
2049	0	0
4542	1	1
4004	0	0
1975	0	0
2847	0	0
1977	0	0
3707	0	0
4842	0	0
1867	0	0
2008	4	0
2733	0	0
2232	1	0
2761	0	0
6201	0	0
484	0	0
5578	0	0
2344	0	0
141	0	0
1681	0	0
1511	0	0
1453	0	0
5191	0	0
5595	0	0
4623	1	0
842	0	1
2790	2	1
2443	0	0
2678	1	0
3216	1	1
5836	0	0
3041	0	1
3717	0	0
1665	0	1
3570	0	0
3719	0	0
3258	0	0
5730	0	0
2973	1	1
2673	0	0
4776	0	1
2513	0	0
2676	0	0
1637	0	1
3083	0	0
1864	0	1
2156	0	0
372	0	0
4588	1	0
1829	0	0
260	0	0
1906	2	1
892	0	0
1862	0	0
6138	0	0
4339	0	0
3383	0	0
6489	0	0
3437	1	0
4168	0	1
5759	0	0
2680	0	1
521	0	1
4232	0	0
6360	1	1
464	0	0
6119	0	0
179	0	0
2900	0	0
6359	4	1
3218	0	1
2872	0	0
2449	0	0
685	2	0
4839	0	0
2104	0	0
6307	0	0
495	0	0
5168	0	0
4161	1	1
807	0	0
577	0	0
5253	0	0
1153	0	0
924	0	0
4438	0	0
4759	0	1
1585	0	0
2068	0	0
2909	0	0
3781	0	0
828	0	0
3478	0	0
1432	0	0
1228	0	0
470	1	1
678	0	0
679	0	0
6159	1	0
3339	0	1
2502	0	1
5921	0	0
4323	0	0
5797	0	0
2766	0	1
5396	1	0
6219	0	0
2905	0	0
2564	0	1
566	0	0
4238	0	0
1890	2	1
5526	0	0
1147	0	0
5680	0	0
1240	0	0
6187	0	0
5767	0	0
5251	0	0
2237	0	0
6462	0	0
5363	1	0
6374	1	0
5732	0	0
5634	1	0
5294	0	1
888	1	0
6232	0	0
1978	0	1
2002	0	0
6139	0	1
6150	1	0
542	0	0
2019	0	0
2809	0	0
3587	1	0
1331	0	0
3253	0	0
2268	0	0
4810	1	1
1957	0	0
2348	0	0
4468	0	0
534	1	1
2333	0	1
1928	4	0
5623	0	0
4958	0	0
1971	0	1
4554	0	0
3036	1	1
6301	0	0
4877	0	0
6419	0	0
326	0	1
1611	0	0
2026	0	0
3655	0	1
4824	0	0
118	0	0
54	0	0
3100	0	0
5673	1	1
3952	0	0
3479	1	1
3372	0	0
5269	0	0
2438	0	0
6074	0	0
2481	0	0
2309	1	0
658	0	0
6515	0	0
4731	0	0
4964	0	0
1062	0	0
1760	0	0
1963	0	0
4240	0	0
162	0	0
6463	0	0
2131	1	0
3657	0	0
2557	0	0
2711	0	0
4498	1	0
4520	0	0
2385	0	0
4929	0	0
4121	0	0
3084	0	0
4252	2	1
4503	0	1
5828	0	0
4047	0	0
3319	0	0
501	0	0
318	1	1
2539	0	0
1832	1	0
759	2	1
69	1	1
1652	0	1
135	0	0
4105	0	0
612	0	0
3232	0	0
6031	0	0
1292	1	0
5574	0	0
611	0	1
4457	0	0
3788	0	0
3929	0	0
1859	0	1
2726	6	0
4164	0	0
3171	0	0
4995	0	0
1171	0	0
1459	0	0
6027	0	1
4221	0	0
4576	6	1
4138	0	0
6200	2	0
3738	0	0
2994	0	0
1490	3	0
4725	1	0
228	0	1
2621	2	1
4663	0	0
2752	4	0
3200	1	0
5926	1	1
5779	0	0
4471	4	1
4596	0	0
6213	0	0
3561	0	0
3684	0	0
4717	0	0
3430	0	0
1770	0	0
2424	0	1
3370	1	0
3852	1	0
3977	0	0
3685	0	1
3619	0	1
1538	0	0
3103	0	0
5642	0	0
4626	0	0
2358	0	0
3577	0	0
2590	0	0
3658	8	1
4640	0	0
2279	0	0
4825	0	0
5671	2	0
3934	0	0
731	1	1
4940	0	0
4752	0	0
5448	0	1
1905	2	1
3424	0	0
3798	1	0
862	0	0
2371	0	0
2637	0	0
5670	0	0
4641	0	0
4910	0	0
2808	0	0
2525	0	0
876	2	1
180	0	0
5958	0	0
1858	0	0
2306	0	0
742	0	1
4557	1	1
6355	0	1
1997	0	0
3973	0	0
3205	0	0
5785	1	0
2712	0	0
5297	0	1
132	0	0
4482	0	1
5477	0	0
6042	0	0
3641	0	0
2401	1	0
1861	0	0
3481	4	1
3153	0	0
5436	0	0
3982	0	0
1042	2	1
3008	0	1
2392	1	0
4655	1	0
3547	0	0
2693	0	0
2452	0	0
785	0	0
549	0	1
3209	1	0
4334	0	0
5449	0	0
4336	1	0
3732	0	0
717	2	0
511	0	1
6068	0	0
6258	0	0
5429	0	0
4770	2	0
4621	1	0
4416	0	1
5222	0	0
4301	0	0
175	0	0
5911	0	0
2133	0	0
547	0	1
5059	0	0
2858	2	1
6189	0	0
594	2	1
6177	0	0
3507	0	1
1134	0	0
1884	0	0
2095	0	0
2767	3	1
1887	1	0
3027	0	1
6273	3	0
3971	0	0
4220	1	0
329	0	1
2580	0	1
2995	1	0
2057	0	0
4727	1	1
3068	1	1
5709	2	1
2646	2	0
4127	1	1
4519	0	0
2145	0	0
3631	0	0
1592	1	0
3596	0	0
4673	2	0
97	1	1
2595	1	1
2672	0	0
5235	1	0
308	0	0
5567	0	0
2902	2	1
5894	0	0
3548	0	0
6238	0	0
2012	0	0
2773	3	1
2743	0	0
982	0	1
5316	0	0
6363	0	0
1595	0	0
4003	0	1
172	0	0
320	0	1
3269	1	0
4190	0	0
3933	0	0
5895	0	0
6044	0	1
3291	0	0
4998	0	0
30	0	0
2573	5	1
5719	0	0
4333	0	0
5036	0	0
6378	0	0
1354	0	0
2297	0	0
3959	2	1
4159	0	1
1857	0	0
835	0	0
1211	0	0
2226	3	1
3590	0	0
4799	0	0
4358	0	0
1031	0	1
4722	0	0
3401	0	0
4753	1	0
2647	0	0
1477	0	0
1689	0	0
4963	1	0
1920	0	1
1608	0	0
4737	0	0
4989	4	1
3254	1	1
1958	0	0
3670	0	0
3761	0	0
4543	3	0
5806	0	0
4551	0	0
4212	0	0
2351	2	0
4859	2	1
4852	1	0
3607	0	0
5479	0	0
4075	0	0
5875	0	0
3981	0	0
4667	0	0
3856	1	1
1501	0	0
5421	0	0
5288	0	0
3786	0	0
3403	0	1
6102	0	0
1950	0	0
3136	0	0
181	0	0
943	0	0
1378	1	1
5109	0	0
5023	0	1
5336	0	1
1090	0	1
1043	0	0
4971	0	0
1096	0	1
5248	1	0
4533	0	0
1278	0	0
3317	4	1
6271	0	1
6149	0	0
5771	0	0
3074	0	0
3858	0	0
2617	0	0
3032	0	0
2489	5	0
5231	0	0
2639	0	0
6507	0	0
1715	0	0
1099	0	0
728	0	0
6060	0	1
3531	0	0
5737	1	1
1452	0	0
2229	0	0
5095	1	0
5523	0	0
3872	0	0
978	0	0
1938	0	0
5789	0	0
845	1	1
4039	0	0
4262	8	0
2758	2	1
557	1	1
591	0	0
4160	0	0
6433	0	0
6188	0	0
2414	0	1
1124	0	0
1080	0	0
2123	0	0
403	0	0
490	0	0
5224	0	0
2223	0	0
908	1	1
3117	0	0
6172	0	0
1195	0	0
2241	1	0
2757	3	1
868	0	0
2550	5	0
5503	0	0
5631	0	1
5708	0	1
4011	0	0
4175	0	0
3214	0	0
6070	0	0
2927	0	0
6077	0	0
2048	0	0
3358	4	1
2971	0	0
130	0	0
2216	1	0
3111	0	0
5907	0	0
624	0	0
1268	0	0
3472	0	0
3368	0	0
1418	0	0
1388	0	0
5649	0	1
2294	1	1
235	1	1
4826	0	0
1836	1	1
2803	0	0
3086	0	0
4256	0	0
1650	0	0
651	1	0
3892	0	0
6093	0	0
6387	1	0
5661	0	0
3420	2	1
5372	3	0
4819	0	0
1257	0	0
808	0	0
380	0	1
4445	2	0
6509	0	0
2933	1	1
5490	0	0
815	0	1
4694	0	0
1517	0	0
3510	7	0
3049	0	0
6376	0	0
5568	0	0
1521	1	0
6117	0	0
1028	0	1
6493	0	0
1003	0	0
2435	0	0
2366	0	0
6171	2	0
4423	0	0
5939	0	0
5468	1	0
3369	0	0
2132	0	0
2367	0	0
5348	0	0
5158	2	0
832	0	0
4038	0	0
682	0	0
1914	0	0
5424	0	1
1631	0	0
362	0	0
3640	4	1
5157	2	0
1593	0	0
5611	0	0
5403	0	0
4846	0	0
5632	0	0
5205	0	0
5017	1	0
3412	0	0
4953	0	0
1445	0	0
448	0	1
2334	2	1
1123	0	0
1444	0	0
352	0	0
780	0	0
1075	0	0
4293	0	0
4402	0	0
4434	0	0
3282	0	0
5498	2	0
4313	0	1
1320	0	0
601	2	1
3333	1	1
2753	1	1
524	0	1
4017	0	0
3774	0	0
5356	0	0
2988	0	1
1527	1	0
4957	0	0
5597	0	0
1865	0	0
1746	0	0
4398	0	0
153	0	1
2860	2	1
747	0	0
1286	0	1
1768	0	0
5835	0	0
5993	0	0
4447	0	0
1892	1	0
5360	0	0
5413	1	0
4014	0	1
6405	0	0
150	0	0
1466	0	0
3911	0	0
6426	0	0
5952	1	0
5525	1	1
2640	1	1
5388	0	0
954	1	1
5440	0	0
2295	1	1
3699	0	0
3896	0	0
960	0	0
2744	0	0
2293	0	0
2720	0	0
3240	0	0
3126	0	0
2826	0	0
3496	2	1
189	0	0
5376	0	0
3979	0	1
435	0	0
4696	0	1
4900	0	0
366	1	1
2496	0	1
2551	0	0
1581	0	0
3361	0	0
2881	0	1
4392	0	0
4585	0	1
1557	0	0
3432	1	0
1336	0	0
1937	1	0
2074	0	0
4012	0	0
2451	0	0
1314	2	0
5689	0	0
609	1	1
2410	0	0
4194	0	0
1687	0	0
2885	0	0
1881	0	0
148	2	1
6256	0	0
1135	0	0
3737	0	0
4787	0	0
2691	0	0
3583	1	0
3024	0	0
5524	2	0
6011	0	1
1379	0	0
5011	0	0
5163	0	0
1455	0	0
4996	0	0
253	2	1
2952	0	0
3054	2	0
713	0	0
2540	2	0
4355	1	0
5244	0	0
2558	2	1
2100	0	1
2756	0	1
167	1	1
1817	0	0
3105	1	1
6224	2	0
1751	0	0
101	0	0
3733	0	0
6122	0	0
286	0	1
4156	0	0
2953	0	1
4134	0	0
3970	0	0
2818	1	0
1956	0	1
1961	0	0
5035	0	1
6518	0	0
5666	0	0
5987	0	0
2772	1	1
2406	0	0
1584	0	0
5652	0	1
2599	0	1
5221	0	0
5314	0	0
4512	0	1
6079	1	0
6451	1	1
2398	0	0
3968	0	0
6487	0	0
1661	0	0
4991	0	0
1269	0	0
4930	0	0
5046	0	0
393	0	0
334	0	0
3593	1	0
4779	0	0
3846	0	0
622	0	0
586	1	0
4780	0	0
3839	0	0
680	0	0
123	0	0
6351	0	0
821	0	0
2075	0	0
2326	1	0
504	1	1
5047	0	0
6108	0	0
3429	0	0
5217	0	0
652	0	0
5854	0	1
3795	0	0
3815	0	0
1917	0	0
3314	0	0
3518	0	0
4763	0	0
1417	1	0
3494	6	0
1426	0	0
3749	0	1
151	0	0
2852	0	0
3792	0	1
3801	1	1
3679	0	0
4074	0	0
5504	5	0
2214	0	0
1738	0	0
2620	0	1
5585	0	0
5511	2	0
2754	0	0
1964	0	0
4508	0	0
1121	0	0
2868	0	0
743	0	0
4629	0	0
4488	1	0
6448	0	0
4023	1	1
1023	0	0
6255	1	0
4107	0	1
4518	0	0
113	0	1
3663	0	0
456	0	1
3511	0	0
1209	2	0
2440	0	0
5381	0	0
2949	4	0
1809	0	1
6485	0	0
5944	0	0
2345	0	1
1174	0	0
4693	0	0
662	0	0
5394	0	0
6400	0	0
4305	0	0
4441	0	0
693	0	0
5137	0	1
2797	0	0
1415	2	1
5385	4	1
554	1	0
4624	0	0
2594	0	0
111	0	0
1365	0	0
5232	0	0
2628	3	1
6394	0	1
5127	0	0
3425	0	0
2032	0	0
3177	0	0
1460	2	0
1025	0	0
4729	1	1
3327	1	0
907	1	0
571	1	1
2653	0	0
5412	0	0
6425	0	1
1015	0	0
344	2	0
6210	0	0
1078	0	0
2025	0	0
5108	0	0
1049	1	0
4600	0	0
5675	0	0
2426	1	0
6445	0	0
1289	1	0
2601	1	1
1392	0	0
4901	0	0
3538	0	0
3668	0	0
5587	0	0
4701	0	0
6048	1	1
5517	0	0
1191	0	0
826	0	0
5423	0	1
4026	0	0
3131	1	0
2157	0	0
475	0	0
1074	0	0
2447	0	0
3880	0	0
4794	0	0
4103	1	1
1267	1	0
4290	0	0
2787	0	0
244	0	0
5609	1	0
1229	0	0
1936	0	0
3406	1	0
5132	0	0
5361	0	0
5371	0	0
4617	0	0
4145	2	1
4035	0	0
4583	0	1
4501	0	0
3710	0	0
5145	0	0
2004	0	0
6311	0	0
3708	0	0
1599	0	0
1154	0	0
3384	0	0
6321	0	0
4126	0	0
1428	1	0
3744	0	0
4122	1	1
3090	0	1
1200	0	0
407	2	1
5159	0	0
562	0	1
1840	0	0
5668	1	1
3279	0	0
733	1	0
4801	0	0
406	2	1
4880	0	0
4790	0	0
6103	1	1
3363	0	0
5084	0	1
787	0	0
6465	0	0
3364	0	0
2130	0	1
5607	0	1
364	0	0
353	3	1
706	0	1
6173	0	0
5573	0	0
5138	0	0
1126	0	0
6409	0	0
1101	4	0
650	2	0
2585	0	0
2252	0	0
4695	0	0
3646	0	0
306	0	0
6392	0	0
2316	0	0
4299	1	0
1243	0	1
5720	0	0
5544	1	1
4650	0	0
1602	0	0
2643	0	0
3525	4	0
2056	0	0
3099	0	0
5672	0	0
2968	0	0
2280	0	0
4258	0	0
613	0	0
3573	2	0
2651	0	1
4141	0	0
4916	0	0
4389	0	0
1967	0	0
5986	0	0
5778	0	0
2149	0	0
5186	0	0
2024	0	0
4943	0	1
421	0	0
1849	0	0
4082	0	0
4565	0	0
1987	0	0
6249	0	1
2444	2	1
336	0	1
873	0	0
4033	2	0
3020	0	0
5608	0	0
4561	0	0
1215	0	0
158	0	0
2456	1	0
5559	0	0
3367	3	1
4091	0	0
447	0	0
1774	0	0
4544	0	0
455	0	0
1706	0	0
3140	0	0
4484	0	0
4321	0	0
6483	0	0
2731	0	1
3661	0	0
6220	0	0
127	0	0
5838	2	0
219	0	0
5308	0	0
5932	0	0
3648	3	0
3127	0	0
1718	0	0
5347	0	0
817	0	0
4319	0	0
3895	0	0
261	0	0
6464	0	0
1013	0	1
2929	1	0
36	0	0
4351	0	0
1787	0	0
6380	5	0
5618	0	1
44	0	0
6221	1	0
5470	1	1
750	2	1
1375	0	0
4128	1	0
2559	2	0
1698	0	0
4522	0	0
3183	4	0
2734	0	1
5638	1	0
5289	0	1
2000	0	0
3444	1	0
4309	0	1
1726	0	0
252	0	0
2774	1	1
2729	0	0
5135	2	1
4348	0	0
5930	0	1
4968	1	0
5846	0	0
5029	0	0
5161	1	0
3422	0	0
2081	0	0
2221	0	1
893	0	1
4040	0	0
2841	0	1
1868	0	0
838	0	0
1591	0	0
5190	0	0
3459	0	0
5955	1	0
1626	1	1
805	1	0
3666	1	1
1875	0	0
4592	0	0
834	0	0
4777	0	0
2993	0	0
3492	6	1
2324	1	0
3180	0	0
5024	0	1
3527	1	1
1343	0	0
4479	0	0
660	0	0
5344	0	1
3594	1	0
28	0	1
4938	0	1
1196	0	0
4268	0	1
1294	0	0
5677	1	0
3487	0	1
1613	1	0
3158	1	0
2395	1	0
3222	0	0
1260	1	1
5050	0	0
4602	0	0
5143	0	0
3427	0	0
6275	1	1
3231	3	0
3244	6	0
4314	0	0
1502	0	0
4458	0	0
6141	0	0
2650	0	0
1261	0	0
3350	0	0
3989	0	0
6006	0	0
3847	0	0
2815	0	0
1556	0	1
1786	0	0
6235	0	0
4884	1	0
4435	0	1
469	0	1
3997	0	0
2549	0	1
5353	1	1
3920	1	0
2230	1	0
71	0	1
3455	1	1
3532	1	0
5900	1	0
4018	0	0
3894	0	0
3447	0	0
701	0	1
240	0	0
5501	0	0
2463	1	0
427	4	1
1029	0	0
3873	1	1
2709	0	0
3506	0	0
3664	1	1
4418	0	0
4567	0	0
530	0	0
3354	2	0
6343	0	0
5938	0	0
1970	0	0
3426	1	1
3326	0	0
4042	0	0
263	1	1
4497	0	0
3722	0	1
6339	1	0
5851	0	0
3166	0	0
4287	0	1
1747	0	0
3457	0	0
4137	0	0
1137	0	1
1969	0	0
5499	1	1
2535	0	0
1098	2	1
3375	0	0
3712	0	0
6083	0	0
1494	0	0
5619	0	0
4211	0	0
6316	0	1
2480	3	1
1283	0	0
4025	2	1
83	0	0
860	1	0
1620	1	0
2501	0	0
6494	0	0
4366	0	0
3520	1	0
100	0	0
3039	1	0
573	0	0
184	0	0
1095	0	1
270	0	0
3693	0	0
3346	0	0
2853	0	0
425	0	0
629	0	0
1393	0	0
2172	3	0
918	2	0
5731	1	1
3910	1	1
282	0	0
3418	1	0
2078	0	0
5886	1	0
4538	0	0
2415	0	0
4546	0	0
4760	0	1
88	0	0
3887	0	0
5260	0	0
2629	0	0
4000	0	0
4665	0	1
1732	0	0
3373	0	0
4306	1	1
5628	2	0
4182	0	0
6166	0	0
3980	0	1
5115	0	0
513	2	0
6128	0	1
649	0	0
5934	0	0
2935	0	0
825	1	0
621	0	0
4867	1	0
2258	1	0
1704	1	0
4225	0	0
5033	0	0
1888	1	0
6282	2	1
4615	0	0
4130	0	1
3439	0	1
885	1	0
3292	0	0
1236	0	0
1341	2	0
4613	0	0
1100	0	0
796	0	0
3729	0	0
3335	0	1
5774	1	0
523	0	1
3828	0	0
3170	0	1
5964	0	0
4286	0	0
5497	0	0
4493	0	0
5579	1	0
5261	1	1
3545	0	0
6003	0	0
3541	7	0
814	0	0
4037	0	0
4832	0	0
3463	0	0
3260	1	0
687	0	0
5873	0	0
1419	0	0
6459	0	0
1530	0	1
4582	0	0
2514	0	0
5980	0	0
4834	0	1
4475	2	1
4922	2	0
3276	0	0
351	0	0
3241	0	0
6054	2	0
4347	0	0
3985	1	1
5723	0	0
408	0	0
3355	0	0
1782	0	0
4844	0	0
3616	0	0
5111	0	0
4889	0	0
1136	0	0
606	0	0
5051	0	0
1337	1	1
6115	0	0
6436	0	0
3015	1	1
5351	0	0
4264	0	0
1346	0	0
4742	0	1
5908	0	0
2838	0	1
883	0	0
1213	1	0
168	0	0
4178	0	0
1935	0	0
5867	0	0
1194	0	0
4239	0	1
2616	0	0
4098	0	0
4233	1	0
2	0	0
6243	0	0
4469	0	0
4788	0	1
5848	2	0
6356	0	0
5322	0	0
5400	0	0
4473	0	0
6195	0	0
2311	0	0
4165	0	0
302	0	0
2783	0	1
2725	0	0
2984	0	1
4342	3	0
4702	2	1
2692	0	0
2793	1	0
2001	1	0
1046	0	0
6331	0	0
2554	0	0
4732	0	1
4993	0	0
3088	3	1
6421	0	0
1105	0	1
4198	1	1
2490	0	1
4059	1	0
1923	0	1
791	0	0
3893	0	0
1629	0	0
1360	1	0
225	0	0
1093	0	0
1083	0	0
4183	0	0
35	0	0
5485	1	0
4781	0	0
1818	0	0
5645	0	0
4009	0	0
6047	1	1
227	0	0
4199	0	0
3268	0	0
1481	0	0
4294	1	0
4109	0	0
2107	0	0
4069	0	0
178	0	0
2448	0	0
4393	1	1
4088	0	0
2461	0	0
217	0	0
3147	0	0
502	2	0
5313	0	0
4274	0	0
3089	0	0
748	0	0
3546	0	0
468	0	0
6207	0	1
1944	0	0
2170	1	1
6416	0	0
4881	0	0
5469	1	0
3986	1	0
2090	0	0
1582	0	0
1214	0	0
5868	0	0
3145	1	0
98	2	1
4341	0	0
4800	0	0
152	0	0
5257	0	0
3995	0	0
5502	0	1
60	0	1
4541	0	1
3924	0	0
6466	0	0
5172	0	0
813	0	0
3901	0	0
1800	0	0
3816	1	0
3930	0	0
6397	0	0
5860	0	0
617	0	0
5637	3	1
2611	2	0
2906	0	0
2359	0	1
4504	0	0
3182	1	0
763	1	1
1398	1	0
1011	1	0
248	0	0
5725	0	0
218	0	0
5614	1	0
5285	2	1
4793	0	1
5583	1	1
5265	0	0
3428	0	0
3402	0	0
2338	4	0
1660	0	0
3620	0	0
2944	0	0
1310	0	0
3435	0	0
1313	0	0
1683	0	0
6390	5	0
1425	0	0
4845	1	0
3398	5	1
2939	0	0
4162	1	0
2467	1	0
1536	0	0
2857	0	0
299	0	0
6034	1	0
4850	1	0
177	0	0
4470	4	1
4757	3	1
1449	1	0
2728	0	0
4318	0	0
6274	0	0
2801	0	0
2282	0	0
5075	0	1
4015	1	1
4353	0	0
2364	0	0
1345	0	0
6500	0	0
3184	0	0
3747	0	0
6111	1	1
6309	2	0
2453	3	0
2880	0	0
314	0	0
3322	0	0
4115	0	0
5166	0	0
4346	0	1
668	1	0
1161	2	0
6263	0	0
5532	0	0
1633	0	0
1915	0	0
6347	0	0
45	0	0
1059	0	0
5968	0	1
3185	0	1
770	1	1
6160	0	0
2319	0	0
4879	0	0
689	0	0
5213	0	0
1572	1	0
6479	0	1
773	0	1
2151	1	0
1472	0	0
1177	0	0
2320	1	1
5983	0	0
3905	2	0
53	0	0
3758	0	0
2065	0	0
2413	0	0
5804	2	1
1996	0	0
497	0	0
5013	1	0
3560	1	1
5209	0	0
963	0	1
4467	0	0
3114	1	0
595	2	0
3473	0	1
1132	2	0
2593	2	0
3838	0	0
5822	0	0
5176	1	0
1040	1	0
1925	0	0
2802	0	0
1176	0	0
3881	0	0
5569	1	0
1992	0	0
3198	1	1
4714	0	0
5296	0	0
2164	0	0
4157	0	0
4310	2	0
752	0	1
6512	0	1
2093	0	0
3456	0	0
5264	0	0
434	1	0
5787	0	0
174	0	0
4762	0	1
4255	0	0
1816	0	0
5171	0	1
197	0	0
2897	0	0
2061	0	0
1623	2	0
2148	0	1
3556	0	0
4939	0	0
5892	1	0
1359	0	0
1364	0	0
5533	0	0
2285	3	1
5588	2	0
1085	1	1
1082	0	0
2619	2	1
1461	0	1
5245	4	1
6087	1	1
3460	0	0
3805	0	0
4754	1	0
5973	0	0
1680	0	0
1297	0	1
3393	5	0
5927	0	0
2262	1	0
4409	0	0
5844	0	0
3053	0	0
2462	0	0
4049	0	0
5647	0	0
29	0	1
2067	0	0
5362	2	0
2820	2	1
5495	1	1
1806	0	0
2231	0	1
2982	1	0
2389	0	0
3450	0	0
6402	0	0
1559	0	0
2925	0	0
4610	0	0
6299	1	1
4350	1	0
3923	0	1
3349	0	0
6056	0	0
2918	0	1
3676	2	0
2350	1	0
615	0	0
1414	3	0
3742	0	0
3263	0	0
3176	0	0
2760	2	0
1573	0	1
2183	0	0
6352	0	0
4827	0	0
2177	0	0
3026	0	0
4337	3	0
1872	0	0
870	1	1
493	0	0
4816	0	0
4792	0	0
5575	3	1
3491	2	1
1277	0	1
4288	0	0
1979	0	0
2583	1	0
6446	1	0
911	0	1
373	0	0
5189	0	0
2768	0	0
1448	0	0
2589	0	1
2035	0	0
49	0	1
1674	0	1
233	0	1
3789	0	0
1965	0	0
2110	0	0
6066	0	0
6371	1	1
2072	1	1
559	0	0
1510	1	1
5252	0	1
6193	1	1
2663	0	0
2198	0	0
1258	0	0
3966	1	0
3391	1	1
1739	5	1
5769	2	0
6288	0	0
4638	0	0
171	0	0
3037	3	1
416	0	0
6064	0	0
3524	0	0
1863	0	0
600	0	0
2403	1	0
5757	0	0
382	0	0
1199	1	1
866	0	0
262	1	0
6358	0	0
4959	2	1
5001	0	0
3886	4	1
5613	0	0
1325	2	1
2275	0	0
6030	0	0
1671	0	0
324	0	0
920	0	0
721	0	0
4661	0	0
2432	0	0
3639	0	0
2219	0	0
4465	0	0
485	0	0
6234	1	1
3098	1	0
432	1	0
4281	0	1
1434	0	0
657	0	0
5324	0	0
3803	0	0
4399	0	1
1246	0	1
5622	0	0
2040	0	0
5540	0	0
249	0	0
1002	0	0
5335	0	0
4133	1	0
536	0	0
4296	0	0
3095	2	1
5492	0	0
3840	0	1
983	0	0
3413	1	0
5747	0	0
4654	0	0
1156	0	0
422	0	0
1895	0	0
2166	0	0
5826	0	0
3921	0	0
3082	0	0
300	0	1
397	0	0
2636	0	0
6497	1	0
1911	0	0
4006	0	0
3474	0	0
1797	1	0
278	0	0
597	0	0
4303	3	1
6345	0	0
55	0	0
4532	0	1
730	0	1
4898	0	0
3280	1	0
519	0	0
957	0	0
1421	1	0
5786	0	0
5452	0	0
5819	0	1
599	0	1
5863	0	0
2003	0	0
2089	0	0
2329	0	1
3844	0	0
2399	0	0
5655	0	0
4344	0	0
3718	0	0
5734	0	0
211	0	1
6005	1	0
1724	2	0
4169	0	0
3061	0	1
3597	0	1
6495	0	0
3139	4	0
5518	0	0
2243	0	0
970	0	0
5325	0	0
5724	0	0
3242	0	0
626	1	0
1407	0	0
540	0	0
1166	0	1
3201	1	0
1088	0	1
1870	1	1
3918	0	0
5434	0	0
3215	0	0
4708	0	0
4095	0	0
968	0	0
1537	0	0
5706	1	1
5751	0	0
2417	0	0
4838	1	1
2642	1	1
1624	0	0
2194	0	0
5943	0	0
1108	0	0
6155	0	0
4275	0	0
6272	0	0
430	0	0
5072	0	0
1241	1	1
5562	2	1
1358	0	0
74	0	0
3006	0	0
1351	0	0
2632	0	0
2931	0	0
1757	0	0
1846	0	0
3274	0	0
4888	1	0
5230	0	0
4147	1	1
332	0	0
1045	0	0
2545	0	0
1245	0	0
2017	0	1
5208	2	1
616	0	0
3588	1	0
232	0	1
2839	0	1
214	0	0
3680	0	0
1567	1	0
1714	0	0
5144	0	0
1845	1	1
4367	1	0
3572	0	0
1644	0	0
3660	9	0
4611	0	0
402	0	0
4304	0	0
2543	0	0
2211	0	0
4675	0	0
878	0	0
1366	0	1
768	0	0
449	0	0
3454	0	0
5591	0	0
2330	0	0
856	0	0
6190	0	0
6049	0	1
2901	0	0
891	0	0
5488	0	0
2380	0	0
955	2	1
4684	0	1
4226	0	0
6456	1	0
4295	0	0
466	0	1
3482	4	1
6211	5	1
6174	0	0
21	0	0
3077	0	0
6131	1	0
5262	0	1
226	0	0
4265	0	0
994	1	0
4446	0	0
2010	0	0
1550	0	1
5685	0	0
2664	2	0
6239	1	0
5243	1	0
3585	0	0
2565	0	0
1443	0	0
3617	0	0
2238	0	0
3972	1	0
6191	0	0
2618	0	0
5818	0	0
207	0	0
4833	0	0
1758	0	0
1327	0	0
4573	0	1
922	2	0
3502	0	0
2270	0	0
1729	0	0
426	1	0
5086	0	0
1756	4	0
2195	0	0
2842	0	0
4061	0	1
3230	0	1
1813	0	0
3154	0	0
5102	1	0
6304	2	1
2099	0	0
304	0	0
2992	0	0
3112	0	0
4683	0	1
833	0	1
2492	0	0
999	0	0
2423	0	0
3842	0	0
5338	0	0
5855	1	0
5333	0	0
4678	0	0
2218	1	0
96	0	0
2784	0	1
2945	0	0
3508	0	0
4048	2	0
3586	1	0
3745	0	0
3888	1	0
3931	0	0
4928	0	0
4415	0	0
4352	3	1
3827	0	0
4129	0	1
690	0	0
78	0	0
487	0	0
1371	2	1
5713	0	0
630	1	0
2053	0	0
1140	0	0
518	0	0
1670	0	0
3866	2	0
1727	0	0
3860	0	0
5478	0	0
3539	0	0
2605	5	1
909	1	0
5582	0	0
2556	0	0
931	2	0
3984	0	0
3382	0	0
3405	0	0
1287	0	0
3002	0	0
2832	1	0
2670	0	0
1493	0	0
5049	3	1
1779	1	1
4657	0	1
5057	0	1
2699	0	0
5957	0	0
2716	0	0
4578	6	1
4110	0	0
727	0	1
6287	0	0
4397	0	0
213	0	0
4270	0	1
2819	1	0
5982	0	0
1515	0	0
1949	1	0
3021	0	0
956	0	0
1237	0	0
1458	2	1
3409	0	0
4932	0	0
95	0	0
4563	1	1
4791	0	0
2923	4	1
360	1	0
3567	0	0
5996	0	0
1891	0	1
4637	0	0
1339	0	0
15	0	0
6095	0	0
6245	0	1
4335	3	1
543	1	1
5006	0	0
6008	0	0
2263	4	0
1676	0	0
936	0	0
1542	0	0
5106	0	0
2867	0	0
843	0	0
6417	1	0
6444	0	0
2625	6	0
1635	0	0
4099	1	0
245	1	1
5349	1	0
6289	0	0
2007	4	1
5701	0	1
632	0	1
2227	0	0
5744	0	0
1934	0	0
1250	1	0
2940	3	1
3993	2	0
5890	0	1
42	1	0
564	0	0
837	0	0
3210	0	1
3325	0	0
5126	0	0
671	1	0
3504	0	0
818	0	1
5691	0	0
1765	0	0
451	0	0
3757	0	0
1604	0	1
3964	0	1
4363	0	0
3755	0	0
4365	1	0
3134	0	0
3535	0	0
5994	0	0
2560	2	0
2402	1	0
1348	0	0
3107	0	0
2735	0	0
3324	1	0
77	0	0
6290	3	1
2483	1	0
1430	0	0
1678	0	0
2894	0	0
3058	0	0
4660	0	0
1805	0	1
2340	0	0
1204	0	1
2708	0	0
1601	0	0
3746	0	0
578	0	0
4597	0	0
1893	0	0
3543	0	0
795	0	0
2203	0	1
2778	0	0
2591	0	0
6403	0	0
1749	0	1
4595	0	0
5453	0	0
477	0	0
474	0	0
5450	0	0
2076	0	1
4987	0	0
5598	0	0
5770	0	0
5549	0	0
4863	0	0
2975	0	0
3944	0	0
5390	0	0
5433	0	1
2996	0	0
5710	0	0
1942	1	1
1300	0	0
128	0	0
6332	0	1
2290	0	0
3522	1	0
1880	0	0
3251	0	1
444	0	0
488	0	0
3164	0	0
722	0	0
3835	0	0
6067	1	1
1801	0	0
1578	0	0
5773	1	1
1060	0	0
2191	0	0
977	0	1
2304	1	1
5293	0	0
4060	0	0
1230	0	0
5067	0	0
6091	0	0
5616	0	0
2144	0	0
2184	0	0
209	0	0
5234	0	0
4234	1	0
476	0	0
576	4	0
2312	0	0
2887	0	0
3514	0	1
6217	0	0
6116	1	1
5695	0	0
4669	1	0
1497	0	0
6072	0	0
2289	2	1
1794	0	0
410	3	1
4876	0	0
3584	0	1
5246	0	0
3227	0	0
2087	1	1
3662	0	0
508	1	1
1576	0	0
6241	0	0
5736	0	0
806	0	0
874	1	1
707	0	0
5897	0	0
5398	0	0
932	0	1
4209	0	0
2190	0	0
3404	1	0
1874	0	0
5370	0	0
5633	4	1
6025	0	0
1304	0	0
5134	1	1
2430	0	0
6114	0	0
1769	0	0
2654	1	1
570	0	0
5118	1	1
3245	3	0
3913	0	0
819	0	0
3433	0	0
5832	1	1
6283	0	0
4245	4	1
3549	0	0
1639	0	0
4251	0	0
4830	1	0
6021	0	1
4649	0	1
1516	2	1
2920	0	0
718	0	0
6337	0	0
6075	0	0
3235	3	0
5311	0	1
4125	0	0
1427	0	0
5566	2	0
3916	0	1
5749	1	0
4636	3	1
2028	0	0
117	3	1
3341	0	0
1183	0	0
5021	0	0
4716	1	0
6452	1	0
2631	0	0
6062	0	0
4201	0	0
1170	0	0
1385	2	0
3935	0	0
4425	0	0
5271	0	0
5659	1	1
1483	0	1
5923	0	0
1878	0	0
2578	5	1
1319	0	0
2764	0	1
3385	1	0
161	0	0
803	0	0
4580	2	1
1622	2	0
3695	0	0
5909	1	1
4526	0	0
6038	0	0
2626	0	0
6499	0	0
413	0	0
440	0	0
2568	0	0
4812	0	0
4896	2	0
2706	0	0
1039	0	0
1400	0	0
3961	2	0
2411	3	1
3228	0	0
4606	0	0
5902	0	0
391	0	0
926	1	0
2781	0	0
387	0	0
3996	0	0
2416	1	1
472	0	0
5833	0	0
297	0	0
506	0	0
4257	0	0
5446	0	0
5741	2	0
395	0	0
1968	0	0
5399	1	0
2036	0	0
6096	0	0
2336	0	0
2129	0	0
6322	0	0
2220	0	0
1673	0	0
1947	0	1
1606	0	0
1773	1	0
3928	2	0
2697	0	0
6254	0	1
5796	2	0
3152	0	0
3009	0	1
2119	0	1
2096	0	0
22	0	0
5750	1	0
2878	0	0
1024	1	0
4556	0	0
3025	3	0
354	0	0
6384	0	0
6009	2	0
921	0	0
1512	0	0
1328	0	0
90	1	0
1995	0	0
4455	1	0
710	0	0
3785	0	0
92	0	0
3138	0	0
6326	0	1
4241	1	1
5185	0	0
1051	0	1
5093	0	0
6082	0	0
2228	3	0
6100	0	0
4984	2	0
305	1	1
1220	1	0
979	0	0
4871	0	0
3395	0	0
1324	2	1
2930	1	1
4120	0	0
5541	0	0
1546	0	1
5203	0	0
5604	0	0
3987	0	0
3869	0	0
4712	0	0
5620	3	0
4053	0	0
1924	0	0
243	0	0
4222	0	0
3294	0	0
5889	0	1
1063	0	0
3667	0	0
4677	1	0
4151	0	0
279	0	0
5799	0	0
1815	0	0
1574	0	1
3703	0	0
2532	0	0
2122	0	0
2421	1	1
858	0	0
220	0	0
5367	0	0
164	0	0
6312	0	0
3790	0	0
753	0	0
4774	1	1
2863	2	1
1524	0	0
4254	2	1
1953	0	0
370	0	0
3243	0	0
6059	0	0
3047	3	0
4829	1	0
1903	0	0
3994	0	0
2831	0	0
1155	0	0
5373	0	0
4394	1	0
2687	0	0
6506	0	0
1564	3	0
3605	1	0
4843	0	0
5856	0	0
655	1	0
2162	0	0
3411	6	0
4920	0	0
965	0	0
5542	0	0
3958	0	0
2400	0	0
1837	0	0
4836	0	0
4562	0	0
1941	0	0
974	0	0
61	0	0
1939	0	0
5183	0	0
765	0	0
2235	1	1
1476	0	0
2331	0	0
2974	0	1
2246	0	0
187	1	1
50	0	1
5935	1	1
2186	0	0
3836	0	0
6251	0	0
631	0	0
1764	1	1
3628	0	0
3123	0	0
3035	0	0
4607	0	0
182	0	0
1853	0	0
5548	0	0
1266	0	0
3752	0	0
674	0	0
3094	0	1
3601	1	1
5864	0	0
4603	0	0
1076	0	0
5212	0	0
482	0	0
850	0	0
5187	0	0
771	0	0
5053	1	0
4909	0	0
5651	0	0
5600	1	0
966	0	1
2604	0	0
1282	1	1
3505	1	0
1061	0	0
377	0	0
4118	1	0
848	1	1
2882	0	0
2922	0	1
5025	0	0
3348	0	0
312	0	0
1734	1	0
2888	0	0
2515	0	0
6229	0	0
2088	0	0
5464	0	0
1507	0	0
792	2	1
4405	1	0
820	0	0
5917	0	0
268	3	0
6354	0	0
3534	0	0
760	0	0
2349	1	0
1691	0	0
3343	1	0
5110	2	0
5281	0	0
5665	0	0
3780	0	0
3410	2	0
2534	0	0
2985	0	1
6450	0	0
2570	0	0
1131	0	0
2196	0	0
18	0	0
24	0	0
4076	0	0
4019	0	0
3864	2	1
1983	0	0
273	0	0
1894	0	0
6455	1	0
3875	2	0
3974	0	1
4343	0	0
6233	0	0
2851	0	1
5382	0	0
1423	0	0
5839	0	0
2082	0	0
2045	0	0
1462	1	1
2813	1	0
3087	0	0
1122	0	0
1522	0	0
1784	0	0
2254	0	0
1120	0	0
816	0	1
1808	0	1
1570	0	0
2315	0	0
605	0	1
2484	0	0
3264	2	1
695	0	0
2114	0	1
2192	0	0
2029	0	0
4524	0	0
2147	1	1
2386	1	0
1763	0	0
3678	0	0
84	0	0
1000	0	0
437	3	0
1667	0	0
3190	0	1
2718	0	0
512	0	0
2168	1	1
5584	0	0
2310	0	0
4086	0	0
1387	0	0
4536	0	0
5535	0	1
1848	0	0
839	1	1
3466	0	0
5286	1	0
5406	1	1
4558	0	0
1728	0	0
5555	0	0
5461	0	0
6167	0	0
1909	0	0
6026	0	0
1010	1	0
3306	0	0
2607	2	0
5636	0	0
3937	0	0
3711	2	0
3591	0	0
5718	0	1
3988	1	1
2418	0	0
5327	0	0
5869	2	0
5967	0	0
1089	0	0
3730	0	0
4999	0	0
1484	0	1
1506	1	0
2041	0	0
2785	0	0
1280	0	0
1720	1	1
3898	0	0
4769	0	0
4283	0	0
749	0	0
3754	0	0
5414	0	0
4373	0	1
2521	1	1
2612	0	0
1772	0	0
3490	0	0
3957	10	0
4899	0	0
241	0	0
6268	0	0
6328	0	0
5586	2	0
1073	0	0
4218	0	0
1081	0	0
583	0	0
144	0	0
4840	0	0
4948	0	0
4243	1	0
5482	0	0
4102	0	0
2875	2	1
4308	0	0
1603	0	0
5066	0	0
1562	1	1
3915	3	0
1921	0	1
3045	3	0
4300	1	1
2339	0	0
3637	0	0
1913	0	1
4766	0	1
1208	0	1
5077	0	0
114	0	0
3191	0	0
608	0	0
6033	1	0
2816	0	0
4491	0	0
3172	0	0
5342	2	0
2980	0	1
6162	1	1
188	3	0
4692	0	0
3470	1	1
6181	0	0
3143	3	0
665	1	0
2765	0	0
3386	0	0
2679	0	0
653	0	0
4207	0	0
4927	0	1
4045	0	0
401	0	0
115	0	1
6434	0	0
3312	0	0
3613	1	1
879	0	1
1226	0	0
6411	0	0
129	0	1
1759	0	0
5601	0	0
4670	1	0
2562	0	0
4676	0	0
2458	0	0
741	0	0
5080	0	1
2355	0	0
6330	1	1
916	0	1
5063	1	1
6318	0	0
6036	2	0
4864	2	0
2073	0	0
285	0	0
6377	0	0
1651	0	0
2188	0	0
1672	0	0
2567	0	0
4509	2	0
4644	0	1
4783	2	0
1372	0	0
6491	0	0
5304	3	1
2544	0	1
4230	1	1
898	1	0
5508	0	0
1547	0	0
1486	0	0
2181	0	0
2919	0	0
5740	0	0
6410	0	0
4662	0	0
4489	0	1
4432	0	0
41	0	0
1930	0	0
1551	0	0
4768	3	0
2681	0	0
5038	0	0
3421	0	0
2047	0	0
6270	0	1
6050	2	1
2824	0	0
5811	0	0
34	0	0
4463	0	0
4955	2	1
2576	1	0
1839	0	0
3168	3	0
642	0	0
4918	0	0
79	0	0
4325	2	0
1424	0	0
1479	0	1
4741	0	0
3580	0	0
2799	0	1
4630	0	0
4081	0	0
5656	0	0
4691	0	0
5022	1	1
4132	0	0
2378	0	1
1402	2	0
2547	2	0
4029	0	0
5445	0	1
295	0	1
737	1	0
2788	0	0
3614	2	1
3043	0	0
567	0	0
3186	0	0
3371	0	0
5776	0	0
5241	0	0
2169	0	0
1182	0	0
1802	0	0
2864	2	0
3465	0	0
2517	0	0
3484	0	0
5793	0	0
210	0	0
882	0	0
1722	0	0
2063	0	0
3236	0	1
1233	1	1
4680	0	0
5094	0	0
6015	0	0
869	0	0
57	0	0
4298	1	1
3537	1	0
6154	0	0
5520	0	1
2572	0	0
2943	1	1
4820	0	0
4055	0	0
5755	0	0
3001	0	0
5233	0	0
1097	1	1
2789	1	1
6098	0	1
5859	0	0
4361	0	0
2586	1	1
1381	3	0
5199	0	0
5674	0	0
3415	0	1
342	0	0
4856	0	0
5912	0	0
10	0	0
5953	0	0
1342	0	0
5803	1	0
5629	0	0
6461	0	1
5924	0	0
4635	0	1
4013	0	1
5893	0	1
3234	0	0
5045	0	0
2969	0	0
2197	0	0
5640	0	0
313	0	0
959	0	1
62	0	0
3609	0	0
1180	0	0
2792	0	0
4285	1	0
6424	0	1
5416	1	0
3821	0	1
6088	2	0
3207	0	1
1871	0	0
2206	0	0
4697	0	1
2360	0	0
5340	0	0
4027	0	0
2524	0	0
5527	0	0
3167	1	0
453	0	0
6308	0	0
3261	1	1
5738	0	0
786	0	0
3010	0	0
4188	0	0
2354	0	0
3050	0	0
4320	0	0
2244	0	0
2179	0	1
4356	0	0
5919	0	0
5133	2	0
72	0	0
6336	0	0
1265	0	0
1356	0	0
237	0	0
2762	1	1
4244	0	0
5551	0	0
5405	0	0
2606	5	1
4528	0	0
323	1	0
6032	0	1
5037	2	0
473	0	0
5152	0	0
6	0	0
950	0	0
5687	0	1
3120	0	0
1697	0	0
2491	0	1
853	0	0
2747	0	0
6340	0	0
636	0	1
1306	0	0
5876	1	1
5808	0	0
5660	0	0
4177	1	0
2027	0	0
6438	0	0
3715	0	0
2536	0	0
1617	0	0
4395	0	0
5219	0	0
1692	0	0
3767	1	0
5782	0	0
2439	2	1
4605	0	0
2161	0	0
199	0	0
5802	0	0
1696	0	1
5878	0	0
1586	2	1
4873	0	0
436	3	1
5643	0	0
5999	0	0
4427	0	1
5223	0	0
6179	0	0
4116	0	0
1264	0	0
3701	0	0
4507	0	1
3932	0	0
783	0	0
5887	0	0
3044	0	1
1212	0	0
4575	0	0
1058	0	0
532	0	0
526	1	1
4411	0	0
3165	0	1
4982	0	0
1822	4	0
5088	0	0
1677	0	0
2967	0	0
5455	3	1
4921	0	0
2741	0	0
1163	4	0
3576	0	0
2376	0	0
4413	1	1
2318	0	1
2140	0	0
1034	1	0
6349	0	0
6265	0	0
1535	0	0
1701	2	1
6253	0	0
2566	0	0
146	0	1
3963	0	1
1707	0	0
556	0	0
1288	0	0
1008	0	0
4253	0	0
1495	3	1
3301	0	0
4796	0	0
863	0	0
1985	1	0
288	0	1
5018	0	0
6293	1	1
3028	0	1
2874	0	0
2805	0	1
200	0	0
751	0	0
6261	0	0
317	0	0
3163	3	1
4917	0	0
400	0	0
3014	0	0
4173	0	0
4216	1	1
3740	0	0
1012	0	0
2555	1	0
4010	0	0
3467	0	0
6039	0	1
5473	0	0
3079	1	0
4539	0	0
3323	0	0
2234	0	0
4577	1	0
3796	0	1
1854	0	0
5014	1	1
2683	0	0
5226	1	0
443	0	0
2998	2	0
972	0	0
2245	0	0
6023	0	0
5493	0	0
5899	0	0
1607	0	0
4758	0	0
1001	1	1
2013	0	0
358	0	1
5123	0	0
509	0	0
4087	2	1
3787	0	0
2597	0	0
4364	0	0
6346	0	0
4591	0	1
5197	2	0
331	0	0
3342	0	1
568	0	1
574	0	0
3359	0	1
5975	0	0
6120	1	0
915	0	0
823	0	0
2233	0	1
3627	1	1
2271	0	0
6184	0	0
4689	0	0
5556	0	0
1412	2	1
2895	2	0
139	0	0
1469	0	0
3080	0	0
4196	1	1
1440	1	1
2574	0	1
3826	1	0
3998	0	0
439	0	0
1860	1	0
4384	2	1
5554	0	0
378	0	0
5082	0	0
989	2	0
3076	0	0
383	0	0
3542	0	0
3399	0	1
4094	0	0
330	0	0
1712	0	0
6041	1	0
5105	1	1
4302	0	0
1766	0	0
4135	0	0
2644	0	0
5888	0	1
691	0	0
230	0	0
3310	1	1
560	0	1
2154	1	0
43	0	0
2508	0	0
1590	0	0
5081	0	0
438	4	1
1239	1	0
5306	0	1
3330	2	1
3565	0	0
1498	0	0
1316	0	0
507	2	0
5377	1	1
569	0	0
4579	1	0
4474	1	1
761	0	1
4174	3	1
2070	0	0
2353	0	0
5101	0	0
420	0	0
2997	0	0
2742	0	0
4572	0	0
5280	4	0
2776	0	0
3652	0	0
5369	1	0
541	0	0
6223	0	0
3116	0	0
4755	1	0
5918	0	0
633	0	0
4965	0	0
5684	0	0
1248	0	0
4390	0	0
3956	0	1
4386	0	0
4875	0	0
1315	0	0
1630	2	0
2042	1	0
634	4	0
4461	1	0
27	0	0
5220	0	0
1071	1	0
5483	0	0
3629	1	0
125	0	0
5210	0	0
5439	0	0
5775	0	0
4618	0	0
2126	0	0
4569	1	0
672	0	0
5480	0	0
3162	0	0
3225	0	1
1742	0	0
2750	0	0
3397	0	0
2394	2	0
6192	2	0
1050	1	0
3636	0	0
3445	0	0
1932	0	0
2427	0	0
5305	0	0
5624	0	0
1897	0	0
2178	0	0
1203	0	0
5071	1	0
2428	0	0
2528	0	0
712	0	0
5644	0	0
3925	2	1
3042	0	1
3902	0	0
6413	0	0
3969	1	0
2139	0	0
3544	0	0
3654	0	0
1789	0	0
4854	0	0
670	3	1
6286	0	1
3451	0	0
5076	1	0
852	0	0
1322	0	0
4191	0	0
5989	0	0
5669	1	1
1437	0	0
5165	0	0
4540	0	0
4823	0	0
1750	0	0
2419	0	0
5760	0	0
3581	0	0
3081	0	0
1138	0	0
124	0	0
669	0	0
4906	0	0
2384	0	0
4266	1	0
3125	0	0
6314	0	0
4378	1	0
3727	0	0
3448	0	0
4931	0	0
1986	1	1
3246	0	0
2362	0	0
4885	4	1
367	0	0
5097	0	0
4639	0	0
335	0	0
904	0	0
4050	0	0
5510	0	0
6002	3	0
47	0	0
6055	0	1
5506	0	0
3702	0	0
5705	0	0
2396	0	0
4172	0	0
1999	0	0
3610	0	0
356	0	0
94	0	0
2325	0	1
108	0	0
1642	0	0
1413	0	1
5303	0	0
5178	0	0
3615	0	0
52	0	0
1841	0	0
465	0	0
5044	0	0
5816	0	0
640	0	0
4080	0	0
2347	0	0
1804	0	0
5991	0	0
1273	0	1
4895	1	1
3266	1	0
6246	0	0
4496	0	0
546	0	0
4184	0	0
4513	0	0
3423	0	0
5457	0	0
3046	0	1
5654	0	0
2273	0	0
1879	0	0
6199	0	0
2671	0	0
3249	0	0
480	0	0
4332	0	0
3945	0	0
1217	1	1
5008	0	1
2412	1	1
1162	0	0
2638	1	0
5717	0	0
104	0	0
3239	0	0
5026	0	0
301	0	0
572	0	0
6315	0	1
2770	0	0
3919	0	0
618	0	1
2500	0	0
2512	0	0
1275	2	0
5800	0	0
1675	2	0
3488	0	0
3825	0	0
3192	0	0
4345	0	0
2112	0	0
1179	0	0
1106	1	0
1754	0	0
6486	1	0
4100	1	0
5228	0	1
1244	0	1
6442	0	0
2101	0	0
1192	0	0
2397	0	1
417	0	0
6502	0	0
6240	1	1
5896	0	0
1807	0	0
2208	0	0
2510	0	0
4652	1	0
2958	0	0
4349	0	0
2649	0	0
1740	0	0
5002	0	1
5227	0	0
4976	0	0
5641	0	0
5374	1	0
338	1	1
6277	0	1
5030	0	0
2876	0	0
5539	0	0
3057	0	0
137	0	0
1064	0	1
6133	0	0
1227	0	0
6012	0	0
328	0	1
3656	0	1
699	0	1
6323	0	0
2552	0	1
1475	0	0
4379	0	0
6503	0	0
5971	0	0
2022	0	0
2445	0	0
1118	0	0
2822	0	0
2305	0	1
1145	0	0
3308	0	0
6375	0	0
551	2	0
5842	0	0
3072	0	0
3946	0	0
6302	2	1
4973	0	0
4647	0	0
4036	0	0
3953	0	0
6388	0	1
5528	1	0
4978	0	0
1077	0	0
259	0	0
762	0	0
2163	0	0
2209	0	0
5258	0	0
2533	0	0
948	0	0
5192	0	0
6501	0	0
579	0	0
3557	0	1
2314	3	0
3204	0	0
2707	0	0
6482	0	0
1918	0	0
5761	0	0
5824	0	0
3233	1	0
1020	0	0
975	0	0
2102	1	0
289	0	1
6435	0	0
2260	0	0
3696	0	0
4406	0	0
5694	1	0
6420	1	0
2323	0	0
3643	0	0
1188	0	0
4329	0	0
1130	1	0
5334	0	0
5391	0	0
6319	0	0
1901	3	0
3775	0	0
4514	0	1
394	0	0
1225	0	0
5995	2	0
2633	0	1
2705	0	0
2121	0	0
5009	0	0
755	0	0
3017	0	1
3462	2	0
1189	0	0
5458	0	0
1621	0	0
953	0	0
3316	3	0
2499	1	0
5153	0	0
3483	0	0
40	0	0
5272	0	1
3992	0	0
5069	0	0
4897	0	0
165	0	0
134	0	1
4643	0	0
1146	0	0
2912	0	1
1838	0	0
1340	0	0
2977	2	1
6084	0	0
1047	0	0
5754	1	0
1018	0	0
5240	0	0
64	0	0
1367	0	1
4685	0	0
4	0	0
287	0	0
4620	0	0
2103	0	0
5831	2	1
4870	0	0
2698	1	1
1577	1	0
5790	0	0
4975	0	0
5307	0	0
3351	0	0
3528	1	0
5181	0	0
4267	0	0
6135	0	0
6415	0	0
3674	0	0
5128	0	0
2256	1	1
4155	3	0
3716	1	0
5906	0	0
3592	0	0
5323	0	0
5113	0	0
2299	0	0
4189	1	0
3146	0	1
6069	1	0
2780	0	0
1389	0	0
1053	0	0
404	0	1
3262	0	0
4674	1	0
3302	0	0
489	0	0
4797	0	0
1027	0	0
3612	1	0
5040	2	1
2917	0	0
3132	0	0
5112	0	0
67	0	1
1812	0	0
3665	2	0
4523	0	1
538	1	0
3486	0	1
119	0	0
5570	0	0
4586	0	0
2613	0	0
4723	0	0
2431	0	0
6298	0	0
293	1	0
1504	0	0
6130	0	0
927	0	1
4108	1	1
2466	0	0
3523	0	0
6194	2	1
389	0	1
6182	0	0
3060	0	0
2999	0	0
2106	0	0
2111	0	1
645	0	0
2877	0	1
692	0	0
5714	0	0
3762	0	0
4460	0	0
3377	0	0
5915	1	0
1531	0	0
1038	0	0
4601	0	0
3169	0	0
3726	1	0
6379	0	0
2066	0	1
5162	0	0
809	1	0
2965	0	0
276	0	0
4022	0	0
4936	0	0
4700	0	0
5745	0	1
5425	1	0
5358	0	0
1291	0	0
3118	1	0
4400	2	0
1318	0	0
361	0	1
5960	0	0
1173	0	0
5239	0	1
958	0	0
575	0	0
6294	1	1
3071	0	0
3223	0	1
1628	0	0
6488	0	0
2470	1	1
2137	0	0
1775	1	1
3493	0	0
2387	2	0
1847	0	0
2113	0	0
283	0	0
1835	0	0
2332	0	0
1057	0	0
3022	1	0
2052	0	0
5946	0	0
3497	0	1
1487	0	0
4560	2	0
800	0	0
5242	1	0
2377	0	1
5389	1	0
4464	0	0
3578	2	1
996	0	0
4632	0	0
4698	0	1
6112	1	1
675	0	0
166	0	0
458	1	1
5310	0	0
1307	0	0
889	0	0
1032	0	0
2201	3	0
3818	0	1
2827	0	0
4860	0	0
3097	0	1
1596	0	0
298	0	0
1485	1	1
1409	0	0
2976	2	1
4376	0	0
3381	0	0
6176	0	1
1019	0	0
4276	0	0
1355	0	0
4046	0	0
5792	0	0
5663	0	0
3007	0	0
1736	1	0
457	0	0
4747	0	0
3130	0	0
499	0	0
5552	0	0
4369	0	0
3449	0	0
3890	0	0
3714	0	0
3271	0	0
4063	0	1
5395	1	0
4622	0	0
4552	0	0
5827	1	0
1843	0	0
2696	0	0
1149	1	1
6470	0	0
1150	0	0
1703	0	0
598	0	0
418	0	0
555	0	0
173	0	0
3589	1	0
928	0	0
6252	0	0
930	0	0
5841	0	0
4972	0	0
5031	0	0
4527	2	0
3199	0	1
1480	1	1
3151	0	0
2782	0	0
5809	0	0
412	0	1
5015	0	0
4272	0	0
3005	0	0
6101	0	0
3850	2	0
1205	0	0
5879	0	0
467	1	0
1395	0	0
2135	0	1
6118	0	0
3434	0	0
2127	0	0
1439	0	0
4024	0	0
539	0	0
3178	1	0
5885	0	1
3286	1	0
2167	0	0
258	0	1
3791	0	0
5910	0	1
3927	0	0
4979	0	0
2892	2	1
5795	1	0
2584	1	0
5175	0	1
5805	2	0
1721	0	0
896	0	0
4933	0	0
981	1	1
1548	2	1
2862	0	0
4736	0	1
2911	0	0
0	0	0
3692	0	0
1259	0	0
2746	0	0
5119	0	0
3653	0	0
4734	0	0
2924	0	0
3942	1	0
2044	0	1
5605	0	0
3337	0	0
5092	0	0
877	2	1
6386	0	0
5332	1	0
5456	0	1
229	0	0
3889	0	1
5937	0	0
2828	0	0
1612	0	0
281	0	0
4359	0	0
2630	0	0
3213	3	0
851	1	1
5572	0	1
2582	0	0
3706	0	0
56	0	0
1700	0	1
5728	0	0
4912	2	0
3885	2	0
3759	0	0
2058	0	1
667	0	0
3197	4	0
3220	0	0
4485	0	0
1109	0	0
1293	0	0
6469	0	0
3851	0	0
5881	0	0
4564	0	0
5780	0	0
1251	0	0
1326	0	0
1907	0	0
63	0	0
2866	2	0
723	1	1
6480	0	0
951	0	1
5901	0	0
4185	1	1
1643	0	0
3611	0	0
5978	0	0
3948	0	0
2225	0	0
5726	0	0
2704	0	0
3284	2	1
4627	0	0
5931	0	0
4954	0	0
6357	0	0
2118	1	1
222	0	0
2165	0	0
5142	0	0
1329	0	0
1960	0	0
3554	0	0
3059	0	0
2689	0	0
6467	0	0
316	0	0
673	0	0
423	0	0
349	3	0
2730	0	0
1509	1	1
1465	0	0
5206	0	0
1618	0	0
2786	0	0
6107	0	0
2202	0	1
5949	1	1
2907	4	0
3119	0	1
3267	0	0
6043	0	0
2745	0	0
3517	0	0
857	0	0
6508	0	0
3181	0	0
3056	1	1
5765	1	0
25	0	1
1312	2	0
70	0	0
1919	0	0
