	arrest_id	person_id	age_at_arrest	sex	race	arrest_date_univ
0	7268817	25928	59.33698630136986	M	Black	2016-04-06
1	5958672	1448386	44.989041095890414	M	Black	2017-03-29
2	5014551	1571572	39.394520547945206	F	Black	2017-10-14
3	3573863	126282	36.465753424657535	M	Black	2018-06-20
4	5502020	883298	18.54794520547945	M	White	2017-07-16
5	3476358	1518060	22.797260273972604	M	Black	2018-07-07
6	5967924	1072904	26.654794520547945	M	Black	2017-03-27
7	5053285	442499	29.23835616438356	M	White	2017-10-06
8	5591945	217338	63.69315068493151	F	Black	2017-06-26
9	7378080	50654	19.153424657534245	M	Black	2016-03-07
10	3376936	85370	32.28219178082192	M		2018-07-24
11	3168313	258315	37.42191780821918	M		2018-08-18
12	12005804	1065717	29.301369863013697	F	White	2018-05-25
13	7581961	1071856	33.6986301369863	M	White	2016-01-09
14	6816869	85806	30.0986301369863	M	White	2016-07-23
15	6096198	319551	46.87671232876713	F	White	2017-02-19
16	3836808	359972	27.076712328767123	F	Black	2018-05-01
17	6075194	2018384	32.26849315068493	F	White	2017-02-24
18	5222987	266457	46.55890410958904	M	Black	2017-09-10
19	6553405	1519445	51.96986301369863	M	Black	2016-10-10
20	7158353	11936	60.92602739726028	M	Black	2016-05-05
21	6060715	114124	55.07671232876712	M	Black	2017-03-01
22	7465428	1004917	30.432876712328767	F	Black	2016-02-14
23	2766114	43195	20.693150684931503	M	Black	2018-11-01
24	2500555	4931	18.38082191780822	M	Black	2018-12-21
25	6028961	91718	29.572602739726022	M	Black	2017-03-09
26	6774612	502498	24.64383561643836	F	White	2016-08-05
27	6577689	80568	38.68219178082192	M	Black	2016-10-01
28	6946113	1688253	33.14246575342466	M	White	2016-06-15
29	4111160	763078	41.89315068493151	M	Black	2018-03-27
30	5053353	951591	26.583561643835612	M	Black	2017-10-06
31	6029745	69831	28.375342465753423	F	White	2017-03-08
32	2491948	262806	60.84931506849315	M	Black	2018-12-26
33	6957590	1297492	22.775342465753425	M	White	2016-06-13
34	4301105	43838	25.852054794520548	M	Black	2018-02-21
35	4871957	2778	29.649315068493152	M	mixed	2017-11-05
36	7398258	10066	45.61917808219178	M	Black	2016-03-01
37	7303205	2931293	22.63013698630137	F	White	2016-03-28
38	6457031	2931988	54.512328767123286	M	White	2016-11-08
39	4469015	1516499	63.25479452054795	M	White	2018-01-22
40	5168489	83708	33.92328767123288	M	Black	2017-09-16
41	4801231	1575015	18.983561643835618	M	Black	2017-11-17
42	6214564	11297	48.983561643835614	M	Black	2017-01-20
43	6443817	33016	28.084931506849315	F	mixed	2016-11-13
44	7255596	3385400	48.52054794520548	M	Black	2016-04-09
45	3876566	1696565	42.41095890410959	F	Black	2018-04-24
46	5819314	1308319	19.27671232876712	M	Black	2017-05-02
47	7541800	1549259	55.55342465753424	M	White	2016-01-20
48	4573842	76733	27.47945205479452	F	White	2017-12-30
49	3702546	3593307	40.92876712328767	F	mixed	2018-05-27
50	4559816	23784	26.156164383561645	F	White	2018-01-03
51	6243514	85246	19.75068493150685	M	Black	2017-01-12
52	6759183	79024	37.75616438356165	M	Black	2016-08-10
53	6072822	909386	25.61917808219178	M	Black	2017-02-25
54	4448872	27558	37.512328767123286	M	Black	2018-01-25
55	3631787	1817697	50.76712328767123	M	White	2018-06-08
56	7414853	965786	36.28767123287671	M	Black	2016-02-25
57	6185866	988101	33.271232876712325	M	Black	2017-01-28
58	5268378	35652	39.21369863013699	F	White	2017-08-31
59	4219078	259056	40.772602739726025	M	Black	2018-03-08
60	6626206	1647361	19.92328767123288	M	White	2016-09-17
61	6794396	991124	53.536986301369865	M	Black	2016-07-30
62	7518030	1463080	20.778082191780825	F	White	2016-01-30
63	4107373	1027662	29.96986301369863	M	Black	2018-03-27
64	3493710	1023093	18.852054794520548	M	Black	2018-07-04
65	6969145	780656	19.66575342465753	M	Black	2016-06-09
66	6234841	971359	30.63287671232877	M	White	2017-01-15
67	5067540	1009066	20.96712328767123	M	Black	2017-10-04
68	5769400	2508428	35.37808219178082	M	White	2017-05-16
69	4280859	27785	19.4	M	Black	2018-02-26
70	7206185	915957	48.07671232876712	M	mixed	2016-04-21
71	5728325	3216126	46.04109589041096	M	White	2017-05-26
72	6915516	707024	37.88493150684931	M	Black	2016-06-26
73	4435364	12751	26.40821917808219	M	Black	2018-01-27
74	5273684	778647	20.983561643835618	M	Black	2017-08-30
75	7381538	27382	26.56438356164384	M	Black	2016-03-07
76	3673834	1286831	22.19178082191781	M	Black	2018-05-31
77	7213308	525326	61.583561643835615	M	White	2016-04-19
78	3399268	1114653	39.16712328767123	M	Black	2018-07-20
79	3828636	742629	22.024657534246572	M	Black	2018-05-03
80	6892870	909864	22.273972602739725	M	Black	2016-07-02
81	7462166	75450	53.10410958904109	M	White	2016-02-16
82	3447120	3576545	59.85753424657534	M		2018-07-12
83	4780246	1516491	29.389041095890413	M	Other	2017-11-20
84	5014713	1576173	54.64931506849315	F	Black	2017-10-14
85	2907242	1302621	54.24657534246575	M	Black	2018-10-05
86	5883782	28865	20.852054794520548	M	Black	2017-04-17
87	5710263	87608	45.41643835616439	M	Black	2017-05-28
88	3548675	1023228	26.413698630136988	F	Black	2018-06-24
89	3371268	360339	33.865753424657534	M	Black	2018-07-25
90	6053662	13665	47.84109589041096	M	Black	2017-03-02
91	2710557	293396	37.70958904109589	M	White	2018-11-12
92	6676950	3462861	71.27123287671233	M	Black	2016-09-02
93	6944236	3352613	18.4027397260274	M	Black	2016-06-16
94	6096501	77276	42.9041095890411	M	Black	2017-02-19
95	6651028	716080	40.5972602739726	F	Black	2016-09-10
96	6507127	49237	20.09041095890411	M	Black	2016-10-22
97	7347268	700259	42.72328767123288	M	Black	2016-03-16
98	6434678	1762278	30.42465753424657	M	White	2016-11-15
99	5915304	46960	24.994520547945207	F	White	2017-04-07
100	6288988	1004445	26.410958904109588	F	Black	2017-01-01
101	5844042	57732	26.22739726027397	M	Black	2017-04-26
102	5490784	91611	30.58082191780822	M	Black	2017-07-18
103	5232450	23004	55.75890410958904	M	White	2017-09-07
104	5694673	3587427	35.38904109589041	M	mixed	2017-06-01
105	7255049	670782	25.084931506849315	M	Black	2016-04-10
106	6460426	69474	30.30958904109589	F	White	2016-11-07
107	5913001	6614	25.3972602739726	M	White	2017-04-09
108	6891917	1305475	19.0	M	White	2016-07-03
109	5897554	1246239	20.66575342465753	M	White	2017-04-12
110	6485726	533988	27.197260273972603	M	White	2016-10-30
111	7454785	1462612	28.83835616438356	M	White	2016-02-17
112	4263198	3121881	31.095890410958905	M	mixed	2018-02-28
113	5923311	336599	29.265753424657536	M	White	2017-04-05
114	7550575	1773950	37.12054794520548	M	Black	2016-01-17
115	7137668	13605	44.14520547945205	F	Asian	2016-05-11
116	5435848	57265	31.40821917808219	M	Black	2017-07-29
117	4650173	91481	21.28219178082192	M	Black	2017-12-13
118	5297910	248206	31.421917808219177	M	Black	2017-08-25
119	7563566	49472	32.298630136986304	M	Black	2016-01-14
120	7138010	1457941	43.21917808219178	F	White	2016-05-11
121	5854343	238381	19.65753424657534	F	Black	2017-04-22
122	3102607	35048	34.986301369863014	M	mixed	2018-08-30
123	6211932	84422	56.391780821917806	F	Black	2017-01-22
124	6676974	3054080	23.698630136986303	F	mixed	2016-09-02
125	7587118	997983	42.21917808219178	M	White	2016-01-07
126	4513745	134133	51.136986301369866	M	Black	2018-01-14
127	5801992	323098	31.42465753424657	M	Black	2017-05-07
128	4532287	873153	19.0027397260274	M	White	2018-01-10
129	2576292	82604	34.865753424657534	M	Black	2018-12-07
130	4398368	25425	38.36438356164384	M	White	2018-02-02
131	5113359	1440050	27.572602739726022	M	White	2017-09-26
132	5585491	3474214	43.2027397260274	M	Black	2017-06-27
133	4777775	47754	36.44931506849315	F	White	2017-11-20
134	5902358	1005742	24.58904109589041	M	Black	2017-04-11
135	6891773	1119600	29.528767123287672	M	Asian	2016-07-03
136	6576617	1463249	18.054794520547944	F	Black	2016-10-02
137	7370720	26596	46.40547945205479	M	mixed	2016-03-09
138	7144592	2938538	42.79178082191781	F	White	2016-05-10
139	5998375	339988	56.57534246575342	M		2017-03-17
140	6403657	2134220	23.07945205479452	M	White	2016-11-20
141	6009424	213172	19.265753424657536	M	Black	2017-03-15
142	5893867	1412544	34.942465753424656	F	White	2017-04-13
143	4564410	921658	24.813698630136987	M	Black	2018-01-02
144	7431888	995560	23.34794520547945	F	Black	2016-02-21
145	6049427	27586	22.487671232876718	M	mixed	2017-03-03
146	3201857	1064849	27.03287671232877	F	White	2018-08-08
147	4662342	2793559	45.61643835616438	M	White	2017-12-11
148	2568623	74595	38.24109589041096	M	Black	2018-12-10
149	7026991	3088723	20.778082191780825	M	Black	2016-05-22
150	6984366	1745147	19.624657534246577	M	mixed	2016-06-04
151	2618132	761620	23.616438356164384	M	Black	2018-11-30
152	4328012	1985162	36.55342465753424	M	White	2018-02-15
153	7224958	57529	25.56438356164384	M	Black	2016-04-17
154	6074502	68785	39.4027397260274		Black	2017-02-24
155	3851361	48528	25.53972602739726	M	White	2018-04-29
156	7311479	847994	25.2986301369863	M	Black	2016-03-25
157	7388658	512354	55.52328767123288	F	White	2016-03-03
158	5764522	318640	25.813698630136987	M	White	2017-05-16
159	3138306	51576	52.04657534246575	M	Black	2018-08-23
160	6746136	358458	28.85753424657534	M	mixed	2016-08-13
161	3815617	1518057	24.646575342465752	M	Black	2018-05-05
162	3506084	3359578	20.778082191780825	M	Black	2018-07-03
163	6042314	1411167	28.375342465753423	F	Black	2017-03-06
164	6756714	935306	41.45479452054794	M	Black	2016-08-11
165	5937027	3389950	18.304109589041097	M	White	2017-04-02
166	5708597	235947	24.61917808219178	M		2017-05-29
167	4163202	479529	21.731506849315068	M	Black	2018-03-18
168	3882249	57158	29.983561643835618	M	Black	2018-04-23
169	6995174	33633	18.2986301369863	M	mixed	2016-06-01
170	5728038	2743	19.27123287671233	M	Black	2017-05-26
171	6215292	351751	23.90410958904109	F	White	2017-01-20
172	5698616	230874	39.18630136986302	M	mixed	2017-05-31
173	6496625	210420	21.895890410958906	F	Black	2016-10-26
174	6303916	717027	35.413698630136984	M	Black	2016-12-26
175	11966928	14780	22.197260273972603	M	White	2016-04-12
176	3365244	2156291	19.27945205479452	M	Black	2018-07-26
177	3586404	1662696	64.6109589041096	F		2018-06-18
178	7495184	1138633	21.747945205479454	F	Black	2016-02-07
179	6097696	3570780	32.78082191780822	M	Black	2017-02-18
180	2903760	3166359	33.0986301369863	M	mixed	2018-10-06
181	5455518	1000596	44.77534246575343	M	Black	2017-07-25
182	6744042	32790	24.991780821917807	M	Black	2016-08-15
183	4251991	98350	53.772602739726025	M	Black	2018-03-02
184	3732305	2871550	54.35342465753425	M	White	2018-05-21
185	4153597	704623	33.53150684931507	M	Black	2018-03-20
186	5256465	82486	25.63013698630137	M	Black	2017-09-01
187	5435754	1006048	27.019178082191782	F	Black	2017-07-29
188	5936791	2401549	50.57808219178082	M	mixed	2017-04-02
189	6974579	993769	55.4027397260274	M	Black	2016-06-07
190	5821772	1065197	18.03835616438356	M	White	2017-05-01
191	4816008	53882	37.16164383561644	M	White	2017-11-15
192	6835425	667567	50.54246575342466	M	Black	2016-07-18
193	6783898	1268621	50.276712328767125	M	White	2016-08-03
194	5666738	38535	19.22739726027397	M	White	2017-06-08
195	6681053	222575	22.824657534246576	M	Black	2016-09-01
196	6623308	3667430	48.88767123287671	M	Black	2016-09-19
197	5775568	1026471	21.797260273972604	M	Black	2017-05-14
198	7220104	482239	46.33698630136986	M	White	2016-04-18
199	4941565	1060589	28.134246575342463	M	Black	2017-10-27
200	5879415	1788	46.96164383561644	M		2017-04-17
201	3404410	255887	55.59452054794521	M	Black	2018-07-19
202	3126042	1022206	31.36164383561644	M	Black	2018-08-26
203	5319741	24391	32.3013698630137	M	Black	2017-08-21
204	5670555	67140	29.33150684931507	M	Black	2017-06-07
205	6917238	509811	51.64109589041096	F	White	2016-06-24
206	3212729	40226	31.235616438356164	M	Black	2018-08-07
207	3488332	45181	19.26849315068493	M	Black	2018-07-05
208	6068520	1162141	24.991780821917807	M	Black	2017-02-27
209	5008666	76548	27.293150684931508	M	Black	2017-10-16
210	4862015	175405	20.88219178082192	M	Black	2017-11-07
211	3046602	1244695	45.02739726027397	F	White	2018-09-10
212	6623957	1075503	61.09041095890411	M	Black	2016-09-19
213	5597498	474178	28.304109589041097	M	White	2017-06-23
214	2901631	88044	58.2958904109589	M	Black	2018-10-08
215	3864977	3097517	37.23561643835617	M		2018-04-26
216	6837789	542158	31.87945205479452	M	mixed	2016-07-16
217	5887803	1002436	50.013698630136986	M	Black	2017-04-14
218	7603993	3243981	59.67397260273973	M	White	2016-01-02
219	6275350	34896	27.145205479452056	M	Black	2017-01-05
220	2592249	45481	17.6	M	Black	2018-12-05
221	3411394	2572349	39.00821917808219	F	White	2018-07-18
222	7157820	1055158	36.14520547945205	M	White	2016-05-06
223	6455738	702095	51.64931506849315	F	Black	2016-11-09
224	6916481	26679	31.117808219178084	M	Black	2016-06-25
225	7200043	55112	46.46849315068493	M	White	2016-04-23
226	7371681	1055115	57.56164383561644	M	White	2016-03-09
227	6632110	910893	31.34520547945205	M	Black	2016-09-15
228	3869807	3605472	21.052054794520547	F	Black	2018-04-25
229	6725060	65964	24.34794520547945	M	Black	2016-08-20
230	3596356	49882	35.18082191780822	M	Black	2018-06-14
231	5396058	555286	25.87123287671233	F	Black	2017-08-07
232	7216810	224737	21.2986301369863	F	Black	2016-04-19
233	6920297	575555	65.97260273972603	M	Black	2016-06-24
234	3052452	1127005	52.342465753424655	M	White	2018-09-08
235	4334398	12352	19.084931506849315	M	Black	2018-02-14
236	6847236	1189790	40.16712328767123	M	mixed	2016-07-14
237	5697246	15340	39.5972602739726	M	White	2017-05-31
238	6192743	2497431	18.84931506849315	M	Black	2017-01-27
239	5118851	2556504	39.15068493150685	F	White	2017-09-26
240	4143130	1602937	44.59452054794521	F	White	2018-03-21
241	5413918	845123	46.97260273972603	M	Black	2017-08-03
242	4599708	1803390	26.704109589041096	F	White	2017-12-23
243	7266260	54289	51.58082191780822	M		2016-04-06
244	3682942	1460821	23.684931506849317	M	mixed	2018-05-30
245	4207288	1488855	31.80821917808219	F	mixed	2018-03-09
246	3392137	74829	27.47945205479452	M	Black	2018-07-21
247	6223364	1205282	29.28767123287671	F	White	2017-01-18
248	7004850	1113857	36.29041095890411	M	White	2016-05-29
249	5997738	229544	18.65753424657534	M	mixed	2017-03-18
250	7184393	212874	41.35068493150685	M	mixed	2016-04-29
251	5684213	3587248	34.178082191780824	M		2017-06-04
252	7349807	1805696	29.40821917808219	F	White	2016-03-15
253	7226797	2584613	51.273972602739725	M	White	2016-04-16
254	6931649	1256556	20.413698630136988	M	White	2016-06-20
255	6956199	351066	32.8054794520548	M	White	2016-06-13
256	5322293	249937	27.84931506849315	M	Black	2017-08-21
257	3720697	1023661	32.657534246575345	M	Black	2018-05-22
258	3778372	44850	22.284931506849315	M	Black	2018-05-11
259	2869394	1585223	51.11506849315069	M	Black	2018-10-12
260	6542668	2662041	39.73698630136986	M	White	2016-10-13
261	6049457	32779	27.38082191780822	M	Black	2017-03-03
262	4130120	44351	27.805479452054797	F	Black	2018-03-24
263	4180689	19626	21.15890410958904	F	mixed	2018-03-14
264	5942633	756222	30.506849315068493	F	mixed	2017-03-31
265	5598626	1352734	28.86575342465753	M	White	2017-06-23
266	3982258	58583	27.813698630136987	M	Black	2018-04-07
267	6340985	987109	38.89041095890411	M		2016-12-13
268	6058682	81169	18.97808219178082	M	Black	2017-03-01
269	5689836	3218878	33.95616438356164	F	White	2017-06-02
270	4865164	344444	27.265753424657536	M	Black	2017-11-06
271	3372037	982041	32.73150684931507	F	Black	2018-07-25
272	4434854	94941	25.70958904109589	M	Black	2018-01-28
273	6920623	77897	30.2986301369863	M	White	2016-06-24
274	5161682	21966	40.01095890410959	M	White	2017-09-18
275	3193787	1475717	33.11232876712329	F	White	2018-08-10
276	6730488	703333	42.98082191780822	M	mixed	2016-08-18
277	5866672	1284992	38.0958904109589	M	White	2017-04-20
278	5936893	1247697	17.542465753424658	M	White	2017-04-02
279	3945921	264201	46.17260273972602	M	Black	2018-04-13
280	6577014	3383502	46.01095890410959			2016-10-02
281	3216012	3605768	43.00821917808219	F		2018-08-07
282	2793396	40790	43.8054794520548	M	White	2018-10-27
283	3895575	1000343	22.04931506849315	F	Black	2018-04-20
284	4612496	68213	54.00547945205479	F	Black	2017-12-20
285	3499759	545503	45.76438356164383	M	Black	2018-07-04
286	5592644	3357315	19.93972602739726	M	White	2017-06-26
287	7307171	1309468	35.24931506849315	F	White	2016-03-26
288	6798050	3198569	18.86027397260274	M	White	2016-07-29
289	6073160	31876	54.95068493150685	F	White	2017-02-25
290	3819130	2870	38.43835616438356	M	White	2018-05-04
291	6349926	416390	17.438356164383563	M	Black	2016-12-12
292	6671035	106675	23.64109589041096	M	Black	2016-09-05
293	6724161	451627	44.64109589041096	M	Black	2016-08-21
294	6355703	74677	28.54520547945205	M	White	2016-12-09
295	7394502	82666	43.78356164383562	M	Black	2016-03-02
296	6598254	2934116	37.6958904109589	M	White	2016-09-25
297	2971473	929734	40.465753424657535	M	White	2018-09-24
298	5352026	34599	20.945205479452056	M	mixed	2017-08-15
299	5804869	2392616	25.912328767123288	F	Black	2017-05-05
300	6879917	3553403	45.67671232876712	F	Black	2016-07-06
301	4497239	586087	31.265753424657536	M	Black	2018-01-17
302	6822812	27924	20.48219178082192	M	White	2016-07-21
303	3083081	275082	48.989041095890414	M	Black	2018-09-04
304	6870397	3515003	50.06301369863014	M	mixed	2016-07-07
305	6489288	3077859	21.63287671232877	M	Black	2016-10-28
306	7012299	1337598	19.339726027397266	M	Black	2016-05-26
307	6672666	2108170	26.4986301369863	M	White	2016-09-03
308	6984750	1059734	27.78904109589041	F	Black	2016-06-04
309	6585372	1116388	26.942465753424656	M	Black	2016-09-29
310	5972614	1423711	19.38082191780822	M	White	2017-03-25
311	6466997	2932251	20.90684931506849	F	White	2016-11-04
312	6688760	80009	32.86027397260274	M		2016-08-30
313	2586870	24750	35.0958904109589	M	White	2018-12-06
314	5666449	25523	29.742465753424657	M	Black	2017-06-08
315	6671790	78880	52.02465753424657	M	Black	2016-09-04
316	5133966	1214199	35.97260273972603	M	Black	2017-09-22
317	5726487	235227	39.8986301369863	F	Black	2017-05-27
318	5052563	2558637	19.43013698630137	F	White	2017-10-07
319	6275936	14413	41.59178082191781	F	White	2017-01-04
320	6503549	192488	27.32054794520548	F	Black	2016-10-24
321	4981359	246429	30.813698630136987	M	mixed	2017-10-20
322	3550258	404843	32.032876712328765	M	mixed	2018-06-23
323	4874761	172713	24.2054794520548	M	Black	2017-11-04
324	2989464	3007259	45.28767123287671	F	mixed	2018-09-20
325	3551844	2003	53.465753424657535	M	Black	2018-06-22
326	6468725	1744993	63.87671232876713	M	White	2016-11-04
327	6515921	709771	24.68219178082192	M	Black	2016-10-20
328	6182084	1992727	27.421917808219177	F	Other	2017-01-30
329	7017218	162419	33.38082191780822	M	Black	2016-05-25
330	3477152	598785	25.506849315068493	M	Black	2018-07-07
331	5497906	15177	40.90958904109589	M	Black	2017-07-17
332	6836725	26204	61.276712328767125	F	mixed	2016-07-17
333	5132759	861665	34.63835616438356	M	Black	2017-09-23
334	7023735	46047	31.136986301369863	M	White	2016-05-23
335	4079940	15930	26.504109589041096	M	Black	2018-03-31
336	5754726	1799436	21.367123287671237	M	White	2017-05-19
337	7581199	1960076	21.28767123287671	M	Black	2016-01-09
338	3368502	35378	62.18082191780822	M	Black	2018-07-26
339	5921226	555796	39.95068493150685	M	Black	2017-04-06
340	7464288	1499680	24.887671232876716	F	Black	2016-02-15
341	7021379	63935	29.64109589041096	F	White	2016-05-24
342	2868457	320713	30.273972602739725	F	White	2018-10-12
343	7466353	858453	43.83013698630137	M	White	2016-02-13
344	3242748	3054529	21.95342465753425	M	Black	2018-08-01
345	6850396	3063044	24.063013698630137	F	mixed	2016-07-13
346	5035688	2570957	27.24931506849315	M	White	2017-10-11
347	7149171	1295291	37.394520547945206	M	White	2016-05-09
348	6577733	1127882	26.84931506849315	F	White	2016-10-01
349	3775181	1633210	26.731506849315068	M	Black	2018-05-13
350	7027943	908756	35.915068493150685	M	Black	2016-05-21
351	6837322	1135351	54.824657534246576	M	White	2016-07-16
352	6471124	82063	26.175342465753424	M	Black	2016-11-03
353	5560634	316053	41.33698630136986	F	White	2017-07-03
354	5351996	101770	26.926027397260277	F		2017-08-15
355	7382549	1061804	28.82191780821918	M	White	2016-03-07
356	6537617	77082	29.134246575342463	M	White	2016-10-14
357	6397938	2106053	47.74520547945205	F	White	2016-11-21
358	2652491	21493	24.136986301369863	M	White	2018-11-23
359	3126179	9523	27.695890410958903	M	Black	2018-08-26
360	7509640	60273	21.56438356164384	F	Black	2016-02-02
361	3839724	1039827	22.438356164383563	M	Black	2018-05-01
362	6916269	56090	18.29041095890411	M	White	2016-06-25
363	6641052	13178	20.01095890410959	M	Black	2016-09-13
364	6858454	1796824	31.92054794520548	F	White	2016-07-11
365	4818638	539354	51.27945205479452	M	Black	2017-11-15
366	3173957	848793	25.6027397260274	M	Black	2018-08-17
367	2698916	754401	23.10958904109589	M	Black	2018-11-14
368	3548765	1288581	24.21095890410959	M	Black	2018-06-24
369	7028913	2835694	43.30684931506849	M	White	2016-05-21
370	4697408	49727	19.90684931506849	M	Black	2017-12-04
371	5201065	1421025	36.583561643835615	M	Other	2017-09-12
372	4751260	2537177	28.175342465753424	F	White	2017-11-27
373	7234140	1058203	27.33150684931507	M	Black	2016-04-15
374	6598794	2581544	36.64383561643836	F	Black	2016-09-25
375	6156149	935128	48.56712328767123	F	Black	2017-02-06
376	3575090	23062	58.87123287671233	M	White	2018-06-20
377	5008270	316704	37.704109589041096	M	Other	2017-10-16
378	5150392	43443	20.756164383561643	M	Black	2017-09-20
379	3526910	363740	42.463013698630135	F	Asian	2018-06-27
380	7281409	911263	25.528767123287672	M	Black	2016-04-01
381	6053989	571225	53.654794520547945	M	Black	2017-03-02
382	3166132	1289881	21.186301369863013	M	Black	2018-08-18
383	6704112	1307676	35.09315068493151	M	White	2016-08-26
384	5339923	670471	31.03013698630137	F	Black	2017-08-17
385	4827776	1063563	30.816438356164383	M	White	2017-11-13
386	6792133	53858	29.10684931506849	M	mixed	2016-08-01
387	5891147	1657426	62.706849315068496	M	Black	2017-04-14
388	5559287	1002535	23.715068493150685	M	Black	2017-07-04
389	3601979	3363012	23.39178082191781	M	Black	2018-06-14
390	7422871	1129862	30.457534246575342	M	White	2016-02-23
391	2563302	300361	25.852054794520548	M	Black	2018-12-11
392	7194627	65387	18.813698630136987	M	Black	2016-04-26
393	3388991	1003853	42.69041095890411	M	White	2018-07-23
394	7477256	1708343	28.41917808219178	M	White	2016-02-10
395	5298889	2591916	28.843835616438355	F	White	2017-08-25
396	2693604	3143337	28.542465753424658	M	Black	2018-11-15
397	7055804	1782791	20.435616438356163	M	Black	2016-05-14
398	7598842	1531743	41.62191780821918	M	Black	2016-01-04
399	6928740	1124386	19.56164383561644	M	Black	2016-06-21
400	2922877	84823	24.0	M	Black	2018-10-02
401	5168153	738991	30.04109589041096	M	mixed	2017-09-17
402	7255033	69058	49.24931506849315	F	mixed	2016-04-10
403	3523180	2870513	37.221917808219175	M	White	2018-06-28
404	7552078	173473	50.16712328767123	M	Black	2016-01-16
405	5625542	3585475	24.156164383561645	F	Black	2017-06-19
406	7395386	1609935	41.40547945205479			2016-03-02
407	4457859	1114013	48.7945205479452	F	Black	2018-01-24
408	5059604	910069	27.77260273972603	F	mixed	2017-10-05
409	6809493	306222	24.671232876712327	M	Black	2016-07-26
410	4524392	909315	22.035616438356165	M	Black	2018-01-11
411	6237431	56452	56.37808219178082	M	Black	2017-01-13
412	4367944	26258	22.02739726027397	M	Black	2018-02-08
413	4354694	92254	25.13150684931507	M	Black	2018-02-11
414	2573195	1014195	30.80821917808219	F	mixed	2018-12-08
415	6863492	991504	29.306849315068494	F	Black	2016-07-08
416	6055461	3355630	60.701369863013696	F	White	2017-03-02
417	7431877	503269	30.96986301369863	M	White	2016-02-21
418	5757564	47004	55.87123287671233	M	Black	2017-05-18
419	5607185	3000544	22.46027397260274	M	mixed	2017-06-21
420	3659989	2880571	69.21369863013699	F	White	2018-06-04
421	4609251	4741	33.49589041095891	M	White	2017-12-21
422	4129776	343162	28.81917808219178	M	Black	2018-03-24
423	2511968	358578	38.64109589041096	M		2018-12-19
424	7369356	1509614	52.19178082191781	M	White	2016-03-09
425	3490313	786744	52.75616438356165	M	Black	2018-07-05
426	5232571	1289480	43.96438356164384	F	White	2017-09-07
427	3234875	342986	50.80821917808219	M	Black	2018-08-02
428	6165914	570963	40.92328767123288	M	Black	2017-02-03
429	6863214	65316	36.42739726027397	M	Black	2016-07-08
430	6936297	121540	22.23013698630137	M	Black	2016-06-17
431	4500531	2406706	25.15890410958904	F	Black	2018-01-16
432	4852731	247459	22.10684931506849	M	Black	2017-11-08
433	5664009	755398	27.405479452054795	M	Black	2017-06-09
434	6102845	55857	27.07945205479452	F	White	2017-02-17
435	2864989	936434	58.156164383561645	M	Black	2018-10-14
436	2797309	276664	42.106849315068494	M	Black	2018-10-26
437	5050151	1799216	31.065753424657533	M	White	2017-10-08
438	6277542	2746168	22.898630136986306	M	Black	2017-01-04
439	7153262	883902	20.334246575342465	M	Black	2016-05-07
440	5370074	196266	29.63013698630137	M	Black	2017-08-11
441	4283852	1543625	56.85753424657534	M	Black	2018-02-25
442	2547343	122092	45.96986301369863	M	mixed	2018-12-13
443	3679700	81979	57.31780821917808	F	Black	2018-05-30
444	5049055	234366	33.42465753424658	M	Black	2017-10-09
445	6724650	75426	20.78904109589041	M	White	2016-08-20
446	3877005	2880190	20.30958904109589	M	Black	2018-04-24
447	7193530	1306011	59.12054794520548	M	White	2016-04-26
448	6759197	1465404	27.926027397260277	M	White	2016-08-10
449	3787339	25110	22.95616438356164	M	Black	2018-05-10
450	5590253	21406	19.052054794520547	M	White	2017-06-26
451	6524956	2134683	33.87397260273973	M	White	2016-10-18
452	6983854	83299	18.164383561643834		Black	2016-06-04
453	2939945	1308492	25.339726027397266	M	White	2018-09-30
454	5560929	912191	34.93698630136986	M	Black	2017-07-03
455	7542921	228162	39.77534246575343	F	mixed	2016-01-20
456	6896776	1768653	56.12054794520548	M	White	2016-07-01
457	6221420	1469853	42.44383561643836	F		2017-01-18
458	3451139	1281927	19.22739726027397	M	White	2018-07-12
459	6704707	36554	36.23835616438356	M	mixed	2016-08-26
460	3679645	1007138	47.84383561643836	M	Black	2018-05-30
461	4307219	251820	31.624657534246577	M	Black	2018-02-20
462	2505635	1024658	24.912328767123288	M	Black	2018-12-20
463	3372243	60347	44.915068493150685	M	Black	2018-07-25
464	4541881	1103608	27.410958904109588	F	White	2018-01-09
465	6486630	342694	19.843835616438355	F	White	2016-10-29
466	6939057	112145	22.775342465753425	M	mixed	2016-06-17
467	6845142	1072559	55.02739726027397	M	White	2016-07-15
468	7292958	62147	20.78082191780822	M	Black	2016-03-30
469	3249757	884830	26.75068493150685	M	Black	2018-07-31
470	4741424	3211663	47.90958904109589	M	White	2017-11-28
471	5885165	597360	23.21917808219178	M	Black	2017-04-16
472	4078592	974497	26.5013698630137	M	Black	2018-04-01
473	5846496	1009393	18.09315068493151	M	Black	2017-04-25
474	7162955	1134876	42.97808219178082	M	Black	2016-05-04
475	7216276	724047	61.32054794520548	F	Black	2016-04-19
476	6701778	42402	32.106849315068494	M	White	2016-08-27
477	5294945	2569	23.389041095890413	M	Black	2017-08-25
478	5928260	1134813	19.339726027397266	M	Black	2017-04-04
479	6645202	78786	24.15068493150685	M	White	2016-09-12
480	7422471	59578	39.63835616438356	M	Black	2016-02-23
481	6532455	243705	18.654794520547945	M	Black	2016-10-17
482	5527499	434345	52.1972602739726	F	mixed	2017-07-10
483	5784691	1800486	33.04383561643836	M	White	2017-05-11
484	6362220	2579110	23.04383561643836	M	Black	2016-12-08
485	5660831	65834	20.065753424657533	M	Black	2017-06-10
486	3904095	28710	20.75068493150685	M	Black	2018-04-19
487	4308924	176762	27.912328767123288	M	Black	2018-02-20
488	2790886	184560	45.42739726027397	M	Black	2018-10-29
489	4612868	957946	33.43835616438356	F	White	2017-12-20
490	5568205	909645	61.298630136986304	F	Black	2017-06-30
491	4667353	2022714	36.29041095890411	M	Black	2017-12-10
492	6889724	725268	30.73972602739726	M	mixed	2016-07-05
493	7003161	3223578	41.298630136986304	F	Asian	2016-05-30
494	3479577	1050738	22.24931506849315	M	Black	2018-07-06
495	4185409	79145	26.87945205479452	F	White	2018-03-14
496	2905661	1535214	51.038356164383565	M	Black	2018-10-05
497	5049840	1000558	36.57808219178082	M	mixed	2017-10-08
498	7272789	2557412	23.60821917808219	M	Black	2016-04-05
499	7199368	1243226	19.567123287671237	F	White	2016-04-24
500	7308318	57776	21.936986301369863	M	Black	2016-03-25
501	3829189	2641039	32.08767123287672	F	White	2018-05-03
502	5560772	1596644	38.81095890410959	M		2017-07-03
503	3471309	16944	39.66849315068493	M	White	2018-07-09
504	7278705	101916	25.991780821917807	M	Black	2016-04-03
505	6588601	3458193	25.621917808219177	M	Black	2016-09-28
506	6058937	984444	24.95890410958904	M	White	2017-03-01
507	4635194	6851	26.76986301369863	M	White	2017-12-16
508	6027429	1802254	24.63287671232877	F	White	2017-03-09
509	7473272	1354979	34.85479452054795	F	White	2016-02-11
510	5291736	2535391	24.898630136986306	F	White	2017-08-26
511	3739546	207810	27.51780821917808	M	Black	2018-05-20
512	6445341	48080	38.95890410958904	M	Black	2016-11-11
513	2485784	88417	33.558904109589044	M	Black	2018-12-26
514	6916329	3198370	40.895890410958906	M	White	2016-06-25
515	3824510	2594951	19.326027397260276	M		2018-05-04
516	3013712	10237	26.4986301369863	M	Black	2018-09-16
517	5974264	84410	42.84109589041096	F	Black	2017-03-24
518	5763206	146410	53.31506849315068	M	Black	2017-05-17
519	7288288	1117726	50.95616438356164	M	Black	2016-03-31
520	4521188	637495	23.410958904109588	M	Black	2018-01-12
521	4983747	9102	24.898630136986306	M	Black	2017-10-19
522	5846255	333745	21.72054794520548	M	Black	2017-04-25
523	7488749	220893	18.24109589041096	F	Black	2016-02-08
524	3051211	359021	48.394520547945206	M		2018-09-09
525	4763108	2202943	48.704109589041096	F	White	2017-11-23
526	7063504	2384014	37.93150684931507	F	mixed	2016-05-12
527	7151446	1569464	47.4986301369863	F	Black	2016-05-08
528	7537778	1305217	47.32876712328767	F	White	2016-01-21
529	3377366	81249	50.26849315068493	M	Black	2018-07-24
530	4689683	860034	41.83287671232877	M	Black	2017-12-06
531	4537309	44159	38.42465753424658	M	Black	2018-01-09
532	3520892	411055	31.063013698630137	M	Indian	2018-06-28
533	6707445	75036	28.55890410958904	M	White	2016-08-25
534	5097627	3120306	35.66575342465753	F	Black	2017-09-29
535	6523146	33429	24.572602739726022	M	mixed	2016-10-19
536	6352048	555837	46.78904109589041	M	Black	2016-12-11
537	6984069	1615681	18.887671232876716	M	White	2016-06-04
538	7256175	226290	33.347945205479455	M	mixed	2016-04-09
539	5886184	332271	29.42739726027397	M	Black	2017-04-15
540	2673567	1985673	18.172602739726027	M	Other	2018-11-19
541	3232676	265085	43.10410958904109	M	Black	2018-08-03
542	6725485	2129116	24.04931506849315	F	Black	2016-08-19
543	5560404	2497447	55.80821917808219	F	Black	2017-07-04
544	3607980	35320	24.339726027397266	M	Black	2018-06-13
545	7553479	1567151	36.89041095890411	M		2016-01-15
546	6545079	1557971	43.106849315068494	M	Black	2016-10-12
547	5585793	239629	27.71780821917808	M	Black	2017-06-27
548	7283727	30578	30.66849315068493	F		2016-04-01
549	4397666	1515517	38.52876712328767	M	White	2018-02-02
550	5403234	1652670	22.942465753424656	F	Black	2017-08-06
551	3945939	189625	30.747945205479454	M	mixed	2018-04-13
552	4801505	1236019	31.194520547945206	M	Black	2017-11-17
553	7563283	84199	22.12054794520548	M	Black	2016-01-14
554	7157228	184900	24.46849315068493	M	Black	2016-05-06
555	5847419	2293944	38.96712328767124	M	Other	2017-04-25
556	7543337	1747908	31.213698630136985	M	Other	2016-01-20
557	2907915	115414	26.78356164383561	M		2018-10-05
558	5180076	1713630	23.065753424657533	M	White	2017-09-14
559	4860301	1407719	56.50684931506849	M	White	2017-11-07
560	3039691	15353	34.391780821917806	F	White	2018-09-11
561	4981381	746888	47.06575342465754	F	Black	2017-10-20
562	2977729	19918	27.96712328767123	M	White	2018-09-22
563	6778366	41991	24.93972602739726	M	White	2016-08-05
564	2714649	888088	30.98630136986301	M	White	2018-11-10
565	2747588	70259	23.843835616438355	M	mixed	2018-11-03
566	4665527	146236	37.917808219178085	F	Black	2017-12-11
567	4991918	706551	40.465753424657535	M	White	2017-10-18
568	5816465	742445	57.16164383561644	F	Black	2017-05-03
569	5564259	847667	32.27945205479452	F	Black	2017-07-03
570	5242551	2745399	50.73424657534247	F	White	2017-09-05
571	6747081	2498706	22.81095890410959	M	Black	2016-08-13
572	5339587	3370039	79.18082191780822	M	White	2017-08-17
573	2532252	2582921	24.85753424657534	M	White	2018-12-16
574	7424662	3553588	29.301369863013697	M	mixed	2016-02-23
575	4524599	81290	20.134246575342463	M	Black	2018-01-11
576	6766557	27836	36.69041095890411	M	White	2016-08-09
577	5927377	2119515	22.58904109589041	M	Black	2017-04-04
578	6680947	206779	24.076712328767123	M	Black	2016-09-01
579	6326198	3185585	50.45205479452055	M	Black	2016-12-17
580	6074091	338042	43.61095890410959	F	White	2017-02-24
581	6648850	53703	21.15068493150685	M	Black	2016-09-11
582	2725809	1253737	44.03013698630137	M	White	2018-11-08
583	6971419	1129092	31.638356164383563	F	White	2016-06-08
584	5674108	923399	28.167123287671235	F	Black	2017-06-06
585	2788963	46101	46.00547945205479	M	White	2018-10-29
586	4652942	8089	22.35890410958904	M	Black	2017-12-12
587	7345698	922587	29.36164383561644	M	Black	2016-03-16
588	6650503	3249428	32.221917808219175	M	Black	2016-09-10
589	3059137	260781	19.3972602739726	M	Black	2018-09-07
590	5573668	89034	32.09041095890411	M	White	2017-06-30
591	5749590	334186	35.76712328767123	M		2017-05-21
592	6647303	3381394	44.915068493150685			2016-09-12
593	4502652	74723	33.131506849315066	M	White	2018-01-16
594	4671633	1237612	17.654794520547945	M	Black	2017-12-08
595	6595530	25238	20.353424657534248	M	White	2016-09-26
596	5559239	910246	40.42739726027397	M	Black	2017-07-04
597	2558191	1660282	51.51780821917808			2018-12-12
598	2670602	922002	66.56164383561644	M	Black	2018-11-19
599	7005244	1130673	25.65205479452055	M	Black	2016-05-28
600	2594291	20010	41.0958904109589	M	White	2018-12-04
601	3015248	940651	40.293150684931504	F	mixed	2018-09-15
602	5982356	1250624	24.66849315068493	F	Black	2017-03-22
603	7601167	1330380	37.36164383561644	M	Black	2016-01-04
604	6577694	920520	48.33698630136986	F	Black	2016-10-01
605	2496068	1672423	23.72328767123288	M	White	2018-12-23
606	4398085	1697642	19.47945205479452	F	Other	2018-02-02
607	2680535	84027	39.26849315068493	M	Black	2018-11-18
608	5290353	1806016	22.063013698630137	M	White	2017-08-27
609	6147642	1675740	34.961643835616435	M	White	2017-02-07
610	5170311	336042	55.30684931506849	M	White	2017-09-15
611	3672977	909652	59.91232876712328	M	Black	2018-05-31
612	4596524	64098	29.213698630136985	F	White	2017-12-26
613	7291921	848761	30.10410958904109	M	White	2016-03-31
614	6313370	2792559	50.71780821917808	M	White	2016-12-21
615	6446640	109307	24.194520547945206	M	Black	2016-11-11
616	3601952	1087281	18.416438356164385	M	White	2018-06-14
617	4674255	242483	66.57260273972602	M	Black	2017-12-08
618	5143947	91724	29.24109589041096	M	Black	2017-09-21
619	4493795	1015284	32.586301369863016	M	Black	2018-01-17
620	7061405	1113786	21.46027397260274	F	Black	2016-05-13
621	7465597	47273	23.38082191780822	M	Black	2016-02-13
622	3614608	277226	41.95890410958904	M	mixed	2018-06-12
623	6446041	1628013	25.389041095890413	F	Black	2016-11-11
624	3668551	5684	45.38356164383562	M	White	2018-06-01
625	12005344	14260	19.30958904109589	M		2018-01-15
626	3993384	539268	44.24383561643835	M	White	2018-04-05
627	5970690	2593687	26.736986301369864	M	White	2017-03-27
628	5803421	1414439	35.29041095890411	M	White	2017-05-06
629	6515483	92220	61.131506849315066	M		2016-10-20
630	2922536	71257	33.32054794520548	M	Black	2018-10-02
631	6194431	63048	26.27671232876712	F	White	2017-01-26
632	3396602	1352518	23.51232876712329	M	Other	2018-07-20
633	7021588	1074774	25.024657534246572	F	White	2016-05-24
634	6400651	28329	48.74794520547945	F	Black	2016-11-21
635	6236432	1065449	32.635616438356166	M	White	2017-01-13
636	6457126	522552	32.62191780821918	F	White	2016-11-08
637	4762721	540187	52.85205479452055	M	Black	2017-11-24
638	5847328	3389220	33.04383561643836	M	White	2017-04-25
639	5142809	243409	30.34794520547945	M	Black	2017-09-21
640	7392722	93743	22.873972602739727	M	Black	2016-03-03
641	6106630	311707	35.1945205479452	M	Black	2017-02-16
642	4292218	5400	27.21917808219178	M	Black	2018-02-22
643	2532499	1275378	24.235616438356164	M	Black	2018-12-15
644	2777894	989231	20.942465753424656	M	Black	2018-10-30
645	3802665	741080	65.33972602739726	M	Black	2018-05-08
646	5014497	2143682	54.484931506849314	M	White	2017-10-14
647	6352870	1120637	51.23561643835617	M	White	2016-12-10
648	7478500	3664742	21.77260273972603	M	Black	2016-02-10
649	4284534	33253	24.306849315068494	M	Black	2018-02-25
650	4290696	1107929	49.46849315068493	F	White	2018-02-23
651	3221808	1347085	35.605479452054794	M	Black	2018-08-06
652	7580589	977062	45.25205479452055	M	White	2016-01-10
653	6322340	1499946	25.86849315068493	M	White	2016-12-19
654	12005419	20799	47.68493150684932	M	White	2018-01-06
655	4618067	213336	29.852054794520548	F	Black	2017-12-19
656	6891939	1195934	56.93972602739726	M	White	2016-07-03
657	2700058	2597745	56.92602739726028	M	White	2018-11-14
658	6601849	2871747	53.79726027397261	M	Black	2016-09-23
659	12002220	1064748	23.27671232876712	M	Black	2018-10-16
660	4692540	780358	32.16712328767123	M	White	2017-12-05
661	5965226	1012253	25.04383561643836	F	Black	2017-03-27
662	7476023	942846	44.3013698630137	M	Black	2016-02-10
663	4664272	34814	19.378082191780823	M		2017-12-11
664	5238488	540315	19.673972602739727	F	Black	2017-09-06
665	5111848	100614	25.375342465753423	F	Black	2017-09-27
666	6762675	1273296	28.167123287671235	F	White	2016-08-10
667	4973926	1123886	25.756164383561643	M	Black	2017-10-22
668	7203402	2879059	20.98630136986301	F	Black	2016-04-22
669	7279968	203355	39.8054794520548	M	mixed	2016-04-02
670	7481919	655898	19.778082191780825	M	mixed	2016-02-09
671	4957370	26152	27.528767123287672	M	Black	2017-10-24
672	5289194	2638329	35.1013698630137	M	Other	2017-08-28
673	5633837	754085	66.23835616438356	M	mixed	2017-06-16
674	7357128	2934014	27.756164383561643	F	White	2016-03-13
675	7583303	913768	41.04383561643836	M	Black	2016-01-08
676	6357251	349867	23.82191780821918	F	White	2016-12-09
677	4741552	75570	26.2027397260274	M	White	2017-11-28
678	4513810	3359933	41.71232876712329	M	White	2018-01-14
679	6990731	988645	18.816438356164383	M	Black	2016-06-02
680	3403451	1352780	49.43561643835616	F		2018-07-19
681	6814001	712738	24.09315068493151	M	Black	2016-07-25
682	5768641	309222	25.934246575342467	M	Black	2017-05-16
683	3774134	1171048	32.556164383561644	F	Black	2018-05-13
684	6455123	540780	32.47671232876712	F	Black	2016-11-09
685	6933156	541012	54.827397260273976	M	Black	2016-06-20
686	5600399	1750067	32.02191780821918	F	Black	2017-06-23
687	5672065	3071637	42.41917808219178	F	mixed	2017-06-07
688	6340185	54200	46.75068493150685	F	Black	2016-12-13
689	4577434	2946289	24.71232876712329	M	White	2017-12-29
690	3949162	25670	35.26301369863014	F	Black	2018-04-12
691	7165449	483280	21.66575342465753	M	White	2016-05-03
692	3245978	45613	36.17808219178082	F	Black	2018-07-31
693	4552038	60332	25.438356164383563	M	Black	2018-01-05
694	6055237	2559192	65.05205479452054	M	Black	2017-03-02
695	6486564	1672827	47.54794520547945	M	Black	2016-10-29
696	4549790	1065031	33.85753424657534	M	White	2018-01-06
697	6368200	989697	18.68219178082192	M	Black	2016-12-01
698	6494293	8933	50.36164383561644	M	Black	2016-10-26
699	7159070	1134813	18.42465753424657	M	Black	2016-05-05
700	6781573	209421	55.67945205479453	M	Black	2016-08-04
701	5327849	1000104	24.931506849315067	M	Black	2017-08-20
702	3472322	62440	54.43835616438356	M	White	2018-07-09
703	4456365	306374	53.26027397260274	F	Asian	2018-01-24
704	6525048	912961	33.78356164383562	M	Black	2016-10-18
705	3893652	256881	36.76712328767123	F	Black	2018-04-21
706	4548723	1343831	45.35342465753425	F	White	2018-01-07
707	5475688	67939	60.42191780821918	M	Black	2017-07-21
708	3066846	1309027	33.394520547945206	M	White	2018-09-06
709	3852105	35369	48.42739726027397	F	Black	2018-04-29
710	5195856	73796	30.24383561643836	M	Black	2017-09-12
711	7364521	911310	44.536986301369865	M	Black	2016-03-10
712	5707539	3354887	19.42465753424657	F	White	2017-05-30
713	7495234	479978	23.75068493150685	M	White	2016-02-07
714	7566068	228445	51.84383561643836	M	mixed	2016-01-14
715	3076203	9044	21.186301369863013	M	Black	2018-09-04
716	5665899	50827	21.778082191780825	M	Black	2017-06-08
717	4460552	1292211	21.145205479452056	M	Black	2018-01-23
718	4796664	25060	25.947945205479453	F	Black	2017-11-19
719	2667595	767053	26.07123287671233	M	Black	2018-11-20
720	3924651	355986	33.83561643835616	F	White	2018-04-16
721	6101374	3103734	23.493150684931507	M	mixed	2017-02-17
722	6850726	32341	18.654794520547945	M	Black	2016-07-13
723	6891149	3074655	58.4	M	Asian	2016-07-04
724	5834411	749038	18.353424657534248	F	Black	2017-04-28
725	7591971	82277	30.315068493150687	M	Black	2016-01-06
726	4761709	51435	33.465753424657535	M	Black	2017-11-24
727	6339294	911946	31.46027397260274	M	Black	2016-12-13
728	6639316	2456906	22.794520547945204	F	White	2016-09-14
729	7005361	3249683	34.47123287671233	M	White	2016-05-28
730	7453819	721126	50.013698630136986	M	Black	2016-02-18
731	6533628	992260	46.2054794520548	F	Black	2016-10-16
732	6213037	1241445	27.578082191780823	M	White	2017-01-21
733	3050989	2529982	55.57534246575342	F	White	2018-09-10
734	6161824	85529	19.575342465753423	M	Black	2017-02-04
735	3743125	1039918	43.69315068493151	F	White	2018-05-18
736	6954720	43925	19.446575342465756	M	White	2016-06-14
737	6015800	60742	28.254794520547943	M	Black	2017-03-13
738	7525705	3353632	24.649315068493152	M	Black	2016-01-28
739	3412511	347083	19.0027397260274	F	White	2018-07-17
740	6922904	3178940	24.65205479452055	M	Black	2016-06-23
741	4937826	56410	33.4027397260274	M	Black	2017-10-27
742	3227956	419322	20.736986301369864	M	White	2018-08-03
743	6566103	1792449	61.81917808219178	M	Black	2016-10-05
744	7532175	919650	34.915068493150685	M	Black	2016-01-24
745	6096933	236508	36.25205479452055	M	Black	2017-02-19
746	6037598	92826	40.84657534246576	M	Black	2017-03-07
747	6659636	41664	31.375342465753423	F	White	2016-09-08
748	7457196	2881955	35.83561643835616	F	White	2016-02-17
749	4131834	69085	48.67671232876712	M	White	2018-03-23
750	5637824	750540	23.654794520547945	M	Black	2017-06-15
751	4915633	230776	27.638356164383563	M	Black	2017-10-30
752	5828497	51883	25.980821917808218	M	mixed	2017-04-30
753	4771776	17881	31.526027397260275	M	Black	2017-11-21
754	2495644	1309509	31.46849315068493	M	White	2018-12-24
755	6624477	1510722	31.087671232876712	M	White	2016-09-18
756	4502396	29538	35.553424657534244	M	Black	2018-01-16
757	4159297	83874	24.51506849315069	F	Black	2018-03-19
758	3892526	1499514	37.345205479452055	F	Asian	2018-04-21
759	7275867	2842887	26.90958904109589	M	White	2016-04-04
760	5296398	1798249	26.197260273972603	M	Black	2017-08-25
761	5959056	3118094	18.19178082191781	M	Black	2017-03-29
762	4840593	56320	35.95890410958904	M	Black	2017-11-11
763	7000981	1337603	24.95068493150685	F	mixed	2016-05-31
764	5919982	960846	26.92328767123288	F	Black	2017-04-06
765	5083273	198393	27.68219178082192	M	Black	2017-10-02
766	5249584	2196821	28.054794520547944	M	White	2017-09-04
767	6411247	2079709	76.73972602739725	F	White	2016-11-17
768	7003779	115968	30.983561643835618	M	Black	2016-05-30
769	7247779	79687	30.32328767123288	M	Other	2016-04-12
770	2916797	51530	32.6958904109589	F	Black	2018-10-03
771	5381622	1800283	30.75068493150685	M	Black	2017-08-09
772	5766861	2844478	25.008219178082197	M	Black	2017-05-16
773	5627332	14836	26.013698630136982	M	White	2017-06-18
774	6710623	2080856	50.40547945205479	F	White	2016-08-24
775	2644843	3228132	28.895890410958906	F	White	2018-11-25
776	5941513	2852268	28.863013698630137	M	Black	2017-03-31
777	4331087	202960	38.224657534246575	M	Black	2018-02-15
778	6604737	85446	18.117808219178084	M	Black	2016-09-22
779	4871805	68121	32.33698630136986	M	Black	2017-11-05
780	6486852	228688	22.01095890410959	M	Black	2016-10-29
781	5159413	1901	53.865753424657534	M	mixed	2017-09-18
782	6892253	206826	37.24109589041096	M	Black	2016-07-03
783	6798949	709462	43.88767123287671	M	Black	2016-07-29
784	6313374	31518	22.353424657534248	M	White	2016-12-21
785	6561693	540719	19.350684931506848	M	Black	2016-10-06
786	5140950	56946	38.2027397260274	M	Black	2017-09-21
787	6316765	329378	21.457534246575342	M	Black	2016-12-20
788	5830453	230885	28.221917808219175	F	mixed	2017-04-29
789	3377463	324828	34.227397260273975	M	Black	2018-07-24
790	6390045	995275	45.11506849315069	M	mixed	2016-11-23
791	4629514	239769	18.23013698630137	M	Black	2017-12-18
792	6072762	14773	28.04383561643836	M	White	2017-02-25
793	6871709	66829	48.30684931506849	M	White	2016-07-06
794	4838938	971940	28.084931506849315	M	Black	2017-11-12
795	3625742	994193	34.90958904109589	M	mixed	2018-06-10
796	4985620	3191484	26.04109589041096	M	White	2017-10-19
797	3455754	1987171	49.12054794520548	M	White	2018-07-11
798	5295157	1243038	26.567123287671237	M	Black	2017-08-25
799	7208240	228565	19.350684931506848	M	Black	2016-04-21
800	5373998	953314	23.87123287671233	M	White	2017-08-10
801	4546237	38681	41.66301369863014	F	White	2018-01-08
802	5598101	531993	52.59178082191781	M	White	2017-06-23
803	6226104	1655864	48.87945205479452	M	White	2017-01-18
804	7293010	1009164	26.153424657534245	M	Black	2016-03-30
805	5662902	2952316	61.33698630136986	M	White	2017-06-09
806	5564862	1804725	25.945205479452056	M	White	2017-07-02
807	7591648	2326	31.378082191780823	M	Black	2016-01-06
808	6743620	3198323	19.964383561643835	M	White	2016-08-15
809	3806430	81823	34.8986301369863	M		2018-05-07
810	3400725	1017719	22.72054794520548	M	Black	2018-07-19
811	4837325	51323	32.26027397260274	M	White	2017-11-13
812	5741406	3102375	55.772602739726025	M	mixed	2017-05-23
813	3433327	79198	28.265753424657536	M	White	2018-07-15
814	6607334	113657	23.334246575342465	M	Black	2016-09-22
815	3188624	271093	20.695890410958903	M	Black	2018-08-11
816	6046758	731121	55.68219178082192	F	Black	2017-03-04
817	6183350	145687	38.347945205479455	M	Asian	2017-01-30
818	7603699	2452788	26.33150684931507	M	Black	2016-01-03
819	3940175	1065333	19.42739726027397	F	White	2018-04-14
820	4884956	22194	37.95616438356164	F	White	2017-11-02
821	7357500	13592	33.413698630136984	M	Black	2016-03-13
822	4737746	236038	34.56986301369863	M	mixed	2017-11-29
823	6096461	1012225	50.65753424657535	M	White	2017-02-19
824	5436833	2515355	27.317808219178083	M	White	2017-07-29
825	7386847	2934677	22.624657534246577	M	White	2016-03-04
826	5971205	1012418	40.59452054794521	M		2017-03-26
827	7307141	8778	34.32876712328767	M	Black	2016-03-26
828	6978316	80524	38.4	M	Black	2016-06-06
829	2472356	242203	20.197260273972603	M	Black	2018-12-29
830	3094265	1182268	38.59178082191781	M	White	2018-08-31
831	7234710	320960	29.51780821917808	M	White	2016-04-14
832	7203601	1781403	24.386301369863013	M	White	2016-04-22
833	6148186	1335744	32.846575342465755	F	Black	2017-02-07
834	5513065	301613	20.295890410958904	M	Black	2017-07-13
835	7030740	1439871	30.698630136986303	M	White	2016-05-20
836	6701374	511237	24.175342465753424	F	Black	2016-08-27
837	5471393	73153	24.156164383561645	M	Black	2017-07-23
838	7041731	51504	48.94794520547945	M	Black	2016-05-18
839	3648891	1611752	41.035616438356165	M	White	2018-06-06
840	5330582	1610763	36.07945205479452	M	Black	2017-08-19
841	4973877	910635	61.01643835616439	M	Black	2017-10-22
842	5186512	83582	21.26027397260274	M	Black	2017-09-13
843	3250281	48211	34.2	M	White	2018-07-30
844	5692653	337852	30.252054794520543	M	Asian	2017-06-01
845	3130830	1137620	33.10958904109589	M	Black	2018-08-24
846	4183368	61596	38.53972602739726	F	White	2018-03-14
847	4155587	1435646	32.99452054794521	F	White	2018-03-20
848	6670200	3250583	35.484931506849314	M	White	2016-09-05
849	4667298	961819	38.298630136986304	M	Black	2017-12-10
850	3129407	1431369	38.81917808219178	M	Black	2018-08-24
851	5470465	3191875	20.08219178082192	M	White	2017-07-23
852	4314675	78499	35.8	M	Black	2018-02-19
853	6235576	38602	43.96986301369863	M	Black	2017-01-14
854	4452127	990237	21.10958904109589	F	Black	2018-01-24
855	4825391	26150	19.383561643835616	M	Black	2017-11-14
856	6659898	1065548	18.39452054794521	M	White	2016-09-07
857	4599087	742996	46.87945205479452	F		2017-12-24
858	5976310	229802	64.88493150684931	M	Black	2017-03-24
859	5342043	1431898	57.12054794520548	M	Black	2017-08-17
860	4267658	1279933	49.106849315068494	F	Asian	2018-02-27
861	3083255	785937	30.378082191780823	M	Black	2018-09-04
862	7408280	960754	23.98630136986301	M	Black	2016-02-27
863	5103520	3099500	19.46027397260274	M		2017-09-28
864	6228444	1251769	31.02191780821918	M	Black	2017-01-17
865	2471357	344219	34.32876712328767	F	White	2018-12-29
866	7539079	1602754	32.87123287671233	F	Black	2016-01-21
867	2978046	942762	38.273972602739725	M	Black	2018-09-22
868	5594049	69777	27.216438356164385	M	Other	2017-06-24
869	6304179	2601543	18.410958904109588		White	2016-12-25
870	6386392	932315	22.084931506849315	M	Black	2016-11-26
871	5293905	1009103	24.052054794520547	F	Black	2017-08-25
872	5050448	244925	18.78630136986301	M	mixed	2017-10-08
873	6485644	2740186	48.3013698630137	M	Black	2016-10-30
874	6215258	1058804	38.89315068493151	M	White	2017-01-20
875	3128626	230959	28.09041095890411	M	mixed	2018-08-25
876	2687435	2874630	57.38904109589041	M	White	2018-11-16
877	5059344	8819	42.56438356164384	M	Black	2017-10-05
878	2950470	1302726	32.536986301369865	M	White	2018-09-27
879	7200598	1300240	26.747945205479454	M	Black	2016-04-23
880	5974182	1518439	65.68219178082192	M	Black	2017-03-24
881	4668826	29542	28.698630136986303	F	White	2017-12-09
882	5739857	1499779	58.48219178082192	F	Black	2017-05-23
883	3039205	1292290	49.96986301369863	F	Black	2018-09-11
884	5705381	720250	31.14246575342466	M	Black	2017-05-30
885	6163577	72764	22.72054794520548	F	Black	2017-02-03
886	3945139	736961	42.65205479452055	F	Black	2018-04-13
887	3646741	74726	26.556164383561644	M	Black	2018-06-06
888	4339990	66208	40.43013698630137	M	Black	2018-02-13
889	3013581	2154819	58.61369863013699	F	White	2018-09-16
890	6186016	83127	21.172602739726027	M	Black	2017-01-28
891	6537189	1052139	48.367123287671234	M	White	2016-10-14
892	4100820	66832	33.62465753424657	M	Black	2018-03-28
893	4998162	1588377	21.09315068493151	M	Black	2017-10-17
894	5223686	11885	39.12876712328767	M	Black	2017-09-09
895	5296171	883909	31.326027397260276	F	White	2017-08-25
896	5155920	92636	56.05479452054794	M	Black	2017-09-19
897	5251707	95389	36.84109589041096		Black	2017-09-04
898	3512764	3231517	28.975342465753425	M	Black	2018-06-30
899	4003633	78820	34.16164383561644	F	White	2018-04-03
900	5732443	173830	28.616438356164384	M	White	2017-05-25
901	6183928	712318	37.106849315068494	M	Black	2017-01-30
902	4481139	59002	39.21095890410959	M	Black	2018-01-19
903	7408614	91883	25.14246575342466	F	Black	2016-02-27
904	5427759	81982	26.80821917808219	M	Black	2017-07-31
905	5976675	1455195	29.553424657534247	F	White	2017-03-24
906	6872176	9003	33.45753424657534	F	Black	2016-07-06
907	4550413	3120789	32.83835616438356	M	Black	2018-01-06
908	2953487	1064456	26.27123287671233	M	Black	2018-09-26
909	5057571	66046	24.473972602739725	M	Black	2017-10-06
910	4810567	1301492	26.76438356164384	M	Black	2017-11-16
911	3086994	1307719	22.101369863013694	M	Black	2018-09-03
912	6614488	698945	29.663013698630134	M	Black	2016-09-21
913	7276076	2248903	33.21095890410959	M	White	2016-04-04
914	7485908	1119846	19.312328767123287	M	Black	2016-02-08
915	6970994	982966	28.26027397260274	M	Black	2016-06-08
916	4612031	327163	33.221917808219175	M	White	2017-12-20
917	6203506	64186	35.85753424657534	M	Black	2017-01-24
918	5289777	3357477	39.53150684931507	M	White	2017-08-28
919	6995889	131507	31.076712328767123	M	mixed	2016-06-01
920	5984092	3098802	26.14794520547945	M	Black	2017-03-22
921	4951883	3192434	56.33424657534247	M	White	2017-10-25
922	3085056	1725478	50.43561643835616	M	Indian	2018-09-04
923	4599258	1644444	26.8	M	White	2017-12-24
924	5291769	3192537	49.96986301369863	M	White	2017-08-26
925	6982985	4981	37.38082191780822	M	White	2016-06-05
926	4531245	66936	46.2958904109589	M	Black	2018-01-10
927	7002347	2582339	28.726027397260275	F	White	2016-05-31
928	7383051	3484	38.0	M	Black	2016-03-06
929	7504516	215578	46.8986301369863	M	Black	2016-02-04
930	6649145	456897	24.86027397260274	M	Black	2016-09-11
931	3681550	3328849	18.068493150684933	M	Black	2018-05-30
932	5469978	2455042	51.64657534246575	M	Black	2017-07-24
933	5855566	2335717	39.85479452054795	M	Black	2017-04-21
934	4613060	77608	36.35890410958904	F	White	2017-12-20
935	6370773	3909	47.17260273972602	M	White	2016-12-01
936	6940518	3352529	19.676712328767124	F	White	2016-06-17
937	6988269	3561023	28.46027397260274	F	Black	2016-06-03
938	2939914	844881	22.983561643835618	M	White	2018-09-30
939	3594673	3362946	18.60821917808219	M	White	2018-06-15
940	6143190	3212405	27.942465753424656	M	Black	2017-02-08
941	6193867	2400358	40.93698630136986	F	mixed	2017-01-26
942	6289055	81431	34.40821917808219	M	Black	2017-01-01
943	4798059	1880894	19.931506849315067	F	Black	2017-11-18
944	5473408	50867	20.72876712328767	M	Black	2017-07-21
945	3394043	961194	55.55068493150685	M	Black	2018-07-20
946	4641585	379371	25.254794520547943	M		2017-12-14
947	4804643	1417936	18.745205479452054	M	White	2017-11-17
948	5328078	3192705	50.26027397260274	M	White	2017-08-20
949	6097506	1643235	24.534246575342465	M	White	2017-02-18
950	5936371	1111687	33.51780821917808	M	White	2017-04-03
951	5329404	10779	29.78356164383561	F	Black	2017-08-19
952	5883395	91690	25.66575342465753	M	Black	2017-04-17
953	2668316	1664393	23.945205479452056	M	White	2018-11-20
954	2673805	65745	27.67945205479452	M	White	2018-11-19
955	12006021	1065214	35.41917808219178	F	White	2018-04-27
956	4801691	1238975	24.16164383561644	F	White	2017-11-17
957	6232325	964750	43.64383561643836	M	Black	2017-01-16
958	6486363	1021244	35.78904109589041	M	Black	2016-10-29
959	6665503	995723	50.45753424657534	M	Black	2016-09-06
960	6478529	27249	22.87945205479452	M	Black	2016-11-01
961	7197240	1790946	51.27945205479452	M	White	2016-04-25
962	7175419	524218	30.676712328767124	M	White	2016-04-30
963	5226476	85929	35.0	M	Black	2017-09-08
964	4534880	767695	39.654794520547945	M	Black	2018-01-10
965	3578573	47154	30.684931506849317	M	Black	2018-06-19
966	5474682	1348192	19.54520547945205	M	Black	2017-07-21
967	5792197	10071	21.95890410958904	M	Black	2017-05-09
968	3090561	3604266	36.63013698630137	M	Black	2018-09-01
969	2827385	7833	40.71232876712329	F	Black	2018-10-21
970	7019251	253477	51.3013698630137	M	White	2016-05-24
971	4414756	43143	35.93150684931507	M	White	2018-01-31
972	7063563	81423	51.45205479452055	M	Black	2016-05-12
973	2816767	36799	33.8986301369863	M	Black	2018-10-23
974	2866283	45068	26.10410958904109	F	Black	2018-10-13
975	5182981	747185	23.67945205479452	M	Black	2017-09-14
976	6673313	1301547	29.42465753424657	M	mixed	2016-09-03
977	4646805	1006380	58.9041095890411	M	mixed	2017-12-13
978	6725214	1644761	18.775342465753425	M	White	2016-08-20
979	4556922	1347952	19.016438356164382	M	Black	2018-01-04
980	3247709	1814816	28.065753424657533	M	White	2018-07-31
981	7417657	380061	28.87123287671233	F	White	2016-02-25
982	5806918	231083	29.01095890410959	M	Black	2017-05-05
983	6045036	28614	25.895890410958906	M	Black	2017-03-05
984	5773028	32255	42.42191780821918	F	White	2017-05-15
985	5675336	24916	18.75068493150685	M	Black	2017-06-06
986	4507353	320209	35.61369863013699	M	White	2018-01-15
987	5918533	3668762	29.13150684931507	M	Black	2017-04-07
988	6166510	69593	35.4	F	mixed	2017-02-03
989	3711442	990371	40.96438356164384	M	Black	2018-05-24
990	5775746	63188	18.78904109589041	M	Black	2017-05-14
991	4642420	1712911	75.55616438356165	M	White	2017-12-14
992	5971420	24904	26.78904109589041	F	White	2017-03-26
993	5374331	1710539	57.17260273972602	M	White	2017-08-10
994	7477228	2757019	20.542465753424658	M	White	2016-02-10
995	6935981	318135	34.8054794520548	M	White	2016-06-17
996	6305418	320631	31.63013698630137	M	Black	2016-12-23
997	7470210	103801	22.88219178082192	M	Black	2016-02-12
998	7500144	1779141	61.42191780821918	M	White	2016-02-05
999	5728587	1801200	54.44109589041096	M	White	2017-05-26
